Name,Run,Wave,State,Button
db10 - Win - 1_frame_1000.jpg,Cairos,B,O,False
db10 - Win - 1_frame_1001.jpg,Cairos,B,O,False
db10 - Win - 1_frame_1002.jpg,Cairos,B,O,False
db10 - Win - 1_frame_1003.jpg,Cairos,B,O,False
db10 - Win - 1_frame_1004.jpg,Cairos,B,O,False
db10 - Win - 1_frame_1005.jpg,Cairos,B,O,False
db10 - Win - 1_frame_1006.jpg,Cairos,B,O,False
db10 - Win - 1_frame_1007.jpg,Cairos,B,O,False
db10 - Win - 1_frame_1008.jpg,Cairos,B,O,False
db10 - Win - 1_frame_1009.jpg,Cairos,B,O,False
db10 - Win - 1_frame_1010.jpg,Cairos,B,O,False
db10 - Win - 1_frame_1011.jpg,Cairos,B,O,False
db10 - Win - 1_frame_1012.jpg,Cairos,B,O,False
db10 - Win - 1_frame_1013.jpg,Cairos,B,O,False
db10 - Win - 1_frame_1014.jpg,Cairos,B,O,False
db10 - Win - 1_frame_1015.jpg,Cairos,B,O,False
db10 - Win - 1_frame_1016.jpg,Cairos,B,O,False
db10 - Win - 1_frame_1017.jpg,Cairos,B,O,False
db10 - Win - 1_frame_1018.jpg,Cairos,B,O,False
db10 - Win - 1_frame_1019.jpg,Cairos,B,O,False
db10 - Win - 1_frame_1020.jpg,Cairos,B,O,False
db10 - Win - 1_frame_1021.jpg,Cairos,B,O,False
db10 - Win - 1_frame_1022.jpg,Cairos,B,O,False
db10 - Win - 1_frame_1023.jpg,Cairos,B,O,False
db10 - Win - 1_frame_1024.jpg,Cairos,B,O,False
db10 - Win - 1_frame_1025.jpg,Cairos,B,O,False
db10 - Win - 1_frame_1026.jpg,Cairos,B,O,False
db10 - Win - 1_frame_1027.jpg,Cairos,B,O,False
db10 - Win - 1_frame_1028.jpg,Cairos,B,O,False
db10 - Win - 1_frame_1029.jpg,Cairos,B,O,False
db10 - Win - 1_frame_1030.jpg,Cairos,B,O,False
db10 - Win - 1_frame_1031.jpg,Cairos,B,O,False
db10 - Win - 1_frame_1032.jpg,Cairos,B,O,False
db10 - Win - 1_frame_1033.jpg,Cairos,B,O,False
db10 - Win - 1_frame_1034.jpg,Cairos,B,O,False
db10 - Win - 1_frame_1035.jpg,Cairos,B,O,False
db10 - Win - 1_frame_1036.jpg,Cairos,B,O,False
db10 - Win - 1_frame_1037.jpg,Cairos,B,O,False
db10 - Win - 1_frame_1038.jpg,Cairos,B,O,False
db10 - Win - 1_frame_1039.jpg,Cairos,B,O,False
db10 - Win - 1_frame_1040.jpg,Cairos,B,O,False
db10 - Win - 1_frame_1041.jpg,Cairos,B,O,False
db10 - Win - 1_frame_1042.jpg,Cairos,B,O,False
db10 - Win - 1_frame_1043.jpg,Cairos,B,O,False
db10 - Win - 1_frame_1044.jpg,Cairos,B,O,False
db10 - Win - 1_frame_1045.jpg,Cairos,B,O,False
db10 - Win - 1_frame_1046.jpg,Cairos,B,O,False
db10 - Win - 1_frame_1047.jpg,Cairos,B,O,False
db10 - Win - 1_frame_1048.jpg,Cairos,B,O,False
db10 - Win - 1_frame_1049.jpg,Cairos,B,O,False
db10 - Win - 1_frame_1050.jpg,Cairos,B,O,False
db10 - Win - 1_frame_1051.jpg,Cairos,B,O,False
db10 - Win - 1_frame_1052.jpg,Cairos,B,O,False
db10 - Win - 1_frame_1053.jpg,Cairos,B,O,False
db10 - Win - 1_frame_1054.jpg,Cairos,B,O,False
db10 - Win - 1_frame_1055.jpg,Cairos,B,O,False
db10 - Win - 1_frame_1056.jpg,Cairos,B,O,False
db10 - Win - 1_frame_1057.jpg,Cairos,B,O,False
db10 - Win - 1_frame_1058.jpg,Cairos,B,O,False
db10 - Win - 1_frame_1059.jpg,Cairos,B,O,False
db10 - Win - 1_frame_1060.jpg,Cairos,B,O,False
db10 - Win - 1_frame_1061.jpg,Cairos,B,O,False
db10 - Win - 1_frame_1062.jpg,Cairos,B,O,False
db10 - Win - 1_frame_1063.jpg,Cairos,B,O,False
db10 - Win - 1_frame_1064.jpg,Cairos,B,O,False
db10 - Win - 1_frame_1065.jpg,Cairos,B,O,False
db10 - Win - 1_frame_1066.jpg,Cairos,B,O,False
db10 - Win - 1_frame_1067.jpg,Cairos,B,O,False
db10 - Win - 1_frame_1068.jpg,Cairos,B,O,False
db10 - Win - 1_frame_1069.jpg,Cairos,B,O,False
db10 - Win - 1_frame_1070.jpg,Cairos,B,O,False
db10 - Win - 1_frame_1071.jpg,Cairos,B,O,False
db10 - Win - 1_frame_1072.jpg,Cairos,B,O,False
db10 - Win - 1_frame_1073.jpg,Cairos,B,O,False
db10 - Win - 1_frame_1074.jpg,Cairos,B,O,False
db10 - Win - 1_frame_1075.jpg,Cairos,B,O,False
db10 - Win - 1_frame_1076.jpg,Cairos,B,O,False
db10 - Win - 1_frame_1077.jpg,Cairos,B,O,False
db10 - Win - 1_frame_1078.jpg,Cairos,B,O,False
db10 - Win - 1_frame_1079.jpg,Cairos,B,O,False
db10 - Win - 1_frame_1080.jpg,Cairos,B,O,False
db10 - Win - 1_frame_1081.jpg,Cairos,B,O,False
db10 - Win - 1_frame_1082.jpg,Cairos,B,O,False
db10 - Win - 1_frame_1083.jpg,Cairos,B,O,False
db10 - Win - 1_frame_1084.jpg,Cairos,B,O,False
db10 - Win - 1_frame_1085.jpg,Cairos,B,O,False
db10 - Win - 1_frame_1086.jpg,Cairos,B,O,False
db10 - Win - 1_frame_1087.jpg,Cairos,B,O,False
db10 - Win - 1_frame_1088.jpg,Cairos,B,O,False
db10 - Win - 1_frame_1089.jpg,Cairos,B,O,False
db10 - Win - 1_frame_1090.jpg,Cairos,B,O,False
db10 - Win - 1_frame_1091.jpg,Cairos,B,O,False
db10 - Win - 1_frame_1092.jpg,Cairos,B,O,False
db10 - Win - 1_frame_1093.jpg,Cairos,B,O,False
db10 - Win - 1_frame_1094.jpg,Cairos,B,O,False
db10 - Win - 1_frame_1095.jpg,Cairos,B,O,False
db10 - Win - 1_frame_1096.jpg,Cairos,B,O,False
db10 - Win - 1_frame_1097.jpg,Cairos,B,O,False
db10 - Win - 1_frame_1098.jpg,Cairos,B,O,False
db10 - Win - 1_frame_1099.jpg,Cairos,B,O,False
db10 - Win - 1_frame_1100.jpg,Cairos,B,O,False
db10 - Win - 1_frame_1101.jpg,Cairos,B,O,False
db10 - Win - 1_frame_1102.jpg,Cairos,B,O,False
db10 - Win - 1_frame_1103.jpg,Cairos,B,O,False
db10 - Win - 1_frame_1104.jpg,Cairos,B,O,False
db10 - Win - 1_frame_1105.jpg,Cairos,B,O,False
db10 - Win - 1_frame_1106.jpg,Cairos,B,O,False
db10 - Win - 1_frame_1107.jpg,Cairos,B,O,False
db10 - Win - 1_frame_1108.jpg,Cairos,B,O,False
db10 - Win - 1_frame_1109.jpg,Cairos,B,O,False
db10 - Win - 1_frame_1110.jpg,Cairos,B,O,False
db10 - Win - 1_frame_1111.jpg,Cairos,B,O,False
db10 - Win - 1_frame_1112.jpg,Cairos,B,O,False
db10 - Win - 1_frame_1113.jpg,Cairos,B,O,False
db10 - Win - 1_frame_1114.jpg,Cairos,B,O,False
db10 - Win - 1_frame_1115.jpg,Cairos,B,O,False
db10 - Win - 1_frame_1116.jpg,Cairos,B,O,False
db10 - Win - 1_frame_1117.jpg,Cairos,B,O,False
db10 - Win - 1_frame_1118.jpg,Cairos,B,O,False
db10 - Win - 1_frame_1119.jpg,Cairos,B,O,False
db10 - Win - 1_frame_1120.jpg,Cairos,B,O,False
db10 - Win - 1_frame_1121.jpg,Cairos,B,O,False
db10 - Win - 1_frame_1122.jpg,Cairos,B,O,False
db10 - Win - 1_frame_1123.jpg,Cairos,B,O,False
db10 - Win - 1_frame_1124.jpg,Cairos,B,O,False
db10 - Win - 1_frame_1125.jpg,Cairos,B,O,False
db10 - Win - 1_frame_1126.jpg,Cairos,B,O,False
db10 - Win - 1_frame_1127.jpg,Cairos,B,O,False
db10 - Win - 1_frame_1128.jpg,Cairos,B,O,False
db10 - Win - 1_frame_1129.jpg,Cairos,B,O,False
db10 - Win - 1_frame_1130.jpg,Cairos,B,O,False
db10 - Win - 1_frame_1131.jpg,Cairos,B,O,False
db10 - Win - 1_frame_1132.jpg,Cairos,B,O,False
db10 - Win - 1_frame_1133.jpg,Cairos,B,O,False
db10 - Win - 1_frame_1134.jpg,Cairos,B,O,False
db10 - Win - 1_frame_1135.jpg,Cairos,B,O,False
db10 - Win - 1_frame_1136.jpg,Cairos,B,O,False
db10 - Win - 1_frame_1137.jpg,Cairos,B,O,False
db10 - Win - 1_frame_1138.jpg,Cairos,B,O,False
db10 - Win - 1_frame_1139.jpg,Cairos,B,O,False
db10 - Win - 1_frame_1140.jpg,Cairos,B,O,False
db10 - Win - 1_frame_1141.jpg,Cairos,B,O,False
db10 - Win - 1_frame_1142.jpg,Cairos,B,O,False
db10 - Win - 1_frame_1143.jpg,Cairos,B,O,False
db10 - Win - 1_frame_1144.jpg,Cairos,B,O,False
db10 - Win - 1_frame_1145.jpg,Cairos,B,O,False
db10 - Win - 1_frame_1146.jpg,Cairos,B,O,False
db10 - Win - 1_frame_1147.jpg,Cairos,B,O,False
db10 - Win - 1_frame_1148.jpg,Cairos,B,O,False
db10 - Win - 1_frame_1149.jpg,Cairos,B,O,False
db10 - Win - 1_frame_1150.jpg,Cairos,B,O,False
db10 - Win - 1_frame_1151.jpg,Cairos,B,O,False
db10 - Win - 1_frame_1152.jpg,Cairos,B,O,False
db10 - Win - 1_frame_1153.jpg,Cairos,B,O,False
db10 - Win - 1_frame_1154.jpg,Cairos,B,O,False
db10 - Win - 1_frame_1155.jpg,Cairos,B,O,False
db10 - Win - 1_frame_1156.jpg,Cairos,B,O,False
db10 - Win - 1_frame_1157.jpg,Cairos,B,O,False
db10 - Win - 1_frame_1158.jpg,Cairos,B,O,False
db10 - Win - 1_frame_1159.jpg,Cairos,B,O,False
db10 - Win - 1_frame_1160.jpg,Cairos,B,O,False
db10 - Win - 1_frame_1161.jpg,Cairos,B,O,False
db10 - Win - 1_frame_1162.jpg,Cairos,B,O,False
db10 - Win - 1_frame_1163.jpg,Cairos,B,O,False
db10 - Win - 1_frame_1164.jpg,Cairos,B,O,False
db10 - Win - 1_frame_1165.jpg,Cairos,B,O,False
db10 - Win - 1_frame_1166.jpg,Cairos,B,O,False
db10 - Win - 1_frame_1167.jpg,Cairos,B,O,False
db10 - Win - 1_frame_1168.jpg,Cairos,B,O,False
db10 - Win - 1_frame_1169.jpg,Cairos,B,O,False
db10 - Win - 1_frame_1170.jpg,Cairos,B,O,False
db10 - Win - 1_frame_1171.jpg,Cairos,B,O,False
db10 - Win - 1_frame_1172.jpg,Cairos,B,O,False
db10 - Win - 1_frame_1173.jpg,Cairos,B,O,False
db10 - Win - 1_frame_1174.jpg,Cairos,B,O,False
db10 - Win - 1_frame_1175.jpg,Cairos,B,O,False
db10 - Win - 1_frame_1176.jpg,Cairos,B,O,False
db10 - Win - 1_frame_1177.jpg,Cairos,B,O,False
db10 - Win - 1_frame_1178.jpg,Cairos,B,O,False
db10 - Win - 1_frame_1179.jpg,Cairos,B,O,False
db10 - Win - 1_frame_1180.jpg,Cairos,B,O,False
db10 - Win - 1_frame_1181.jpg,Cairos,B,O,False
db10 - Win - 1_frame_1182.jpg,Cairos,B,O,False
db10 - Win - 1_frame_1183.jpg,Cairos,B,O,False
db10 - Win - 1_frame_1184.jpg,Cairos,B,O,False
db10 - Win - 1_frame_1185.jpg,Cairos,B,O,False
db10 - Win - 1_frame_1186.jpg,Cairos,B,O,False
db10 - Win - 1_frame_1187.jpg,Cairos,B,O,False
db10 - Win - 1_frame_1188.jpg,Cairos,B,O,False
db10 - Win - 1_frame_1189.jpg,Cairos,B,O,False
db10 - Win - 1_frame_1190.jpg,Cairos,B,O,False
db10 - Win - 1_frame_1191.jpg,Cairos,B,O,False
db10 - Win - 1_frame_1192.jpg,Cairos,B,O,False
db10 - Win - 1_frame_1193.jpg,Cairos,B,O,False
db10 - Win - 1_frame_1194.jpg,Cairos,B,O,False
db10 - Win - 1_frame_1195.jpg,Cairos,B,O,False
db10 - Win - 1_frame_1196.jpg,Cairos,B,O,False
db10 - Win - 1_frame_1197.jpg,Cairos,B,O,False
db10 - Win - 1_frame_1198.jpg,Cairos,B,O,False
db10 - Win - 1_frame_1199.jpg,Cairos,B,O,False
db10 - Win - 1_frame_1200.jpg,Cairos,B,O,False
db10 - Win - 1_frame_1201.jpg,Cairos,B,O,False
db10 - Win - 1_frame_1202.jpg,Cairos,B,O,False
db10 - Win - 1_frame_1203.jpg,Cairos,B,O,False
db10 - Win - 1_frame_1204.jpg,Cairos,B,O,False
db10 - Win - 1_frame_1205.jpg,Cairos,B,O,False
db10 - Win - 1_frame_1206.jpg,Cairos,B,O,False
db10 - Win - 1_frame_1207.jpg,Cairos,B,O,False
db10 - Win - 1_frame_1208.jpg,Cairos,B,O,False
db10 - Win - 1_frame_1209.jpg,Cairos,B,O,False
db10 - Win - 1_frame_1210.jpg,Cairos,B,O,False
db10 - Win - 1_frame_1211.jpg,Cairos,B,O,False
db10 - Win - 1_frame_1212.jpg,Cairos,B,O,False
db10 - Win - 1_frame_1213.jpg,Cairos,B,O,False
db10 - Win - 1_frame_1214.jpg,Cairos,B,O,False
db10 - Win - 1_frame_1215.jpg,Cairos,B,O,False
db10 - Win - 1_frame_1216.jpg,Cairos,B,O,False
db10 - Win - 1_frame_1217.jpg,Cairos,B,O,False
db10 - Win - 1_frame_1218.jpg,Cairos,B,O,False
db10 - Win - 1_frame_1219.jpg,Cairos,B,O,False
db10 - Win - 1_frame_1220.jpg,Cairos,B,O,False
db10 - Win - 1_frame_1221.jpg,Cairos,B,O,False
db10 - Win - 1_frame_1222.jpg,Cairos,B,O,False
db10 - Win - 1_frame_1223.jpg,Cairos,B,O,False
db10 - Win - 1_frame_1224.jpg,Cairos,B,O,False
db10 - Win - 1_frame_1225.jpg,Cairos,B,O,False
db10 - Win - 1_frame_1226.jpg,Cairos,B,O,False
db10 - Win - 1_frame_1227.jpg,Cairos,B,O,False
db10 - Win - 1_frame_1228.jpg,Cairos,B,O,False
db10 - Win - 1_frame_1229.jpg,Cairos,B,O,False
db10 - Win - 1_frame_1230.jpg,Cairos,B,O,False
db10 - Win - 1_frame_1231.jpg,Cairos,B,O,False
db10 - Win - 1_frame_1232.jpg,Cairos,B,O,False
db10 - Win - 1_frame_1233.jpg,Cairos,B,O,False
db10 - Win - 1_frame_1234.jpg,Cairos,B,O,False
db10 - Win - 1_frame_1235.jpg,Cairos,B,O,False
db10 - Win - 1_frame_1236.jpg,Cairos,B,O,False
db10 - Win - 1_frame_1237.jpg,Cairos,B,O,False
db10 - Win - 1_frame_1238.jpg,Cairos,B,O,False
db10 - Win - 1_frame_1239.jpg,Cairos,B,O,False
db10 - Win - 1_frame_1240.jpg,Cairos,B,O,False
db10 - Win - 1_frame_1241.jpg,Cairos,B,O,False
db10 - Win - 1_frame_1242.jpg,Cairos,B,O,False
db10 - Win - 1_frame_1243.jpg,Cairos,B,O,False
db10 - Win - 1_frame_1244.jpg,Cairos,B,O,False
db10 - Win - 1_frame_1245.jpg,Cairos,B,O,False
db10 - Win - 1_frame_1246.jpg,Cairos,B,O,False
db10 - Win - 1_frame_1247.jpg,Cairos,B,O,False
db10 - Win - 1_frame_1248.jpg,Cairos,B,O,False
db10 - Win - 1_frame_1249.jpg,Cairos,B,O,False
db10 - Win - 1_frame_1250.jpg,Cairos,B,O,False
db10 - Win - 1_frame_1251.jpg,Cairos,B,O,False
db10 - Win - 1_frame_1252.jpg,Cairos,B,O,False
db10 - Win - 1_frame_1253.jpg,Cairos,B,O,False
db10 - Win - 1_frame_1254.jpg,Cairos,B,O,False
db10 - Win - 1_frame_1255.jpg,Cairos,B,O,False
db10 - Win - 1_frame_1256.jpg,Cairos,B,O,False
db10 - Win - 1_frame_1257.jpg,Cairos,B,O,False
db10 - Win - 1_frame_1258.jpg,Cairos,B,O,False
db10 - Win - 1_frame_1259.jpg,Cairos,B,O,False
db10 - Win - 1_frame_1260.jpg,Cairos,B,O,False
db10 - Win - 1_frame_1261.jpg,Cairos,B,O,False
db10 - Win - 1_frame_1262.jpg,Cairos,B,O,False
db10 - Win - 1_frame_1263.jpg,Cairos,B,O,False
db10 - Win - 1_frame_1264.jpg,Cairos,B,O,False
db10 - Win - 1_frame_1265.jpg,Cairos,B,O,False
db10 - Win - 1_frame_1266.jpg,Cairos,B,O,False
db10 - Win - 1_frame_1267.jpg,Cairos,B,O,False
db10 - Win - 1_frame_1268.jpg,Cairos,B,O,False
db10 - Win - 1_frame_1269.jpg,Cairos,B,O,False
db10 - Win - 1_frame_1270.jpg,Cairos,B,O,False
db10 - Win - 1_frame_1271.jpg,Cairos,B,O,False
db10 - Win - 1_frame_1272.jpg,Cairos,B,O,False
db10 - Win - 1_frame_1273.jpg,Cairos,B,O,False
db10 - Win - 1_frame_1274.jpg,Cairos,B,O,False
db10 - Win - 1_frame_1275.jpg,Cairos,B,O,False
db10 - Win - 1_frame_1276.jpg,Cairos,B,O,False
db10 - Win - 1_frame_1277.jpg,Cairos,B,O,False
db10 - Win - 1_frame_1278.jpg,Cairos,B,O,False
db10 - Win - 1_frame_1279.jpg,Cairos,B,O,False
db10 - Win - 1_frame_1280.jpg,Cairos,B,O,False
db10 - Win - 1_frame_1281.jpg,Cairos,B,O,False
db10 - Win - 1_frame_1282.jpg,Cairos,B,O,False
db10 - Win - 1_frame_1283.jpg,Cairos,B,O,False
db10 - Win - 1_frame_1284.jpg,Cairos,B,O,False
db10 - Win - 1_frame_1285.jpg,Cairos,B,O,False
db10 - Win - 1_frame_1286.jpg,Cairos,B,O,False
db10 - Win - 1_frame_1287.jpg,Cairos,B,O,False
db10 - Win - 1_frame_1288.jpg,Cairos,B,O,False
db10 - Win - 1_frame_1289.jpg,Cairos,B,O,False
db10 - Win - 1_frame_1290.jpg,Cairos,B,O,False
db10 - Win - 1_frame_1291.jpg,Cairos,B,O,False
db10 - Win - 1_frame_1292.jpg,Cairos,B,O,False
db10 - Win - 1_frame_1293.jpg,Cairos,B,O,False
db10 - Win - 1_frame_1294.jpg,Cairos,B,O,False
db10 - Win - 1_frame_1295.jpg,Cairos,B,O,False
db10 - Win - 1_frame_1296.jpg,Cairos,B,O,False
db10 - Win - 1_frame_1297.jpg,Cairos,B,O,False
db10 - Win - 1_frame_1298.jpg,Cairos,B,O,False
db10 - Win - 1_frame_1299.jpg,Cairos,B,O,False
db10 - Win - 1_frame_1300.jpg,Cairos,B,O,False
db10 - Win - 1_frame_1301.jpg,Cairos,B,O,False
db10 - Win - 1_frame_1302.jpg,Cairos,B,O,False
db10 - Win - 1_frame_1303.jpg,Cairos,B,O,False
db10 - Win - 1_frame_1304.jpg,Cairos,B,O,False
db10 - Win - 1_frame_1305.jpg,Cairos,B,O,False
db10 - Win - 1_frame_1306.jpg,Cairos,B,O,False
db10 - Win - 1_frame_1307.jpg,Cairos,B,O,False
db10 - Win - 1_frame_1308.jpg,Cairos,B,O,False
db10 - Win - 1_frame_1309.jpg,Cairos,B,O,False
db10 - Win - 1_frame_1310.jpg,Cairos,B,O,False
db10 - Win - 1_frame_1311.jpg,Cairos,B,O,False
db10 - Win - 1_frame_1312.jpg,Cairos,B,O,False
db10 - Win - 1_frame_1313.jpg,Cairos,B,O,False
db10 - Win - 1_frame_1314.jpg,Cairos,B,O,False
db10 - Win - 1_frame_1315.jpg,Cairos,B,O,False
db10 - Win - 1_frame_1316.jpg,Cairos,B,O,False
db10 - Win - 1_frame_1317.jpg,Cairos,B,O,False
db10 - Win - 1_frame_1318.jpg,Cairos,B,O,False
db10 - Win - 1_frame_1319.jpg,Cairos,B,O,False
db10 - Win - 1_frame_1320.jpg,Cairos,B,O,False
db10 - Win - 1_frame_1321.jpg,Cairos,B,O,False
db10 - Win - 1_frame_1322.jpg,Cairos,B,O,False
db10 - Win - 1_frame_1323.jpg,Cairos,B,O,False
db10 - Win - 1_frame_1324.jpg,Cairos,B,O,False
db10 - Win - 1_frame_1325.jpg,Cairos,B,O,False
db10 - Win - 1_frame_1326.jpg,Cairos,B,O,False
db10 - Win - 1_frame_1327.jpg,Cairos,B,O,False
db10 - Win - 1_frame_1328.jpg,Cairos,B,O,False
db10 - Win - 1_frame_1329.jpg,Cairos,B,O,False
db10 - Win - 1_frame_1330.jpg,Cairos,B,O,False
db10 - Win - 1_frame_1331.jpg,Cairos,B,O,False
db10 - Win - 1_frame_1332.jpg,Cairos,B,O,False
db10 - Win - 1_frame_1333.jpg,Cairos,B,O,False
db10 - Win - 1_frame_1334.jpg,Cairos,B,O,False
db10 - Win - 1_frame_1335.jpg,Cairos,B,O,False
db10 - Win - 1_frame_1336.jpg,Cairos,B,O,False
db10 - Win - 1_frame_1337.jpg,Cairos,B,O,False
db10 - Win - 1_frame_1338.jpg,Cairos,B,O,False
db10 - Win - 1_frame_1339.jpg,Cairos,B,O,False
db10 - Win - 1_frame_1340.jpg,Cairos,B,O,False
db10 - Win - 1_frame_1341.jpg,Cairos,B,O,False
db10 - Win - 1_frame_1342.jpg,Cairos,B,O,False
db10 - Win - 1_frame_1343.jpg,Cairos,B,O,False
db10 - Win - 1_frame_1344.jpg,Cairos,B,O,False
db10 - Win - 1_frame_1345.jpg,Cairos,B,O,False
db10 - Win - 1_frame_1346.jpg,Cairos,B,O,False
db10 - Win - 1_frame_1347.jpg,Cairos,B,O,False
db10 - Win - 1_frame_1348.jpg,Cairos,B,O,False
db10 - Win - 1_frame_1349.jpg,Cairos,B,O,False
db10 - Win - 1_frame_1350.jpg,Cairos,B,O,False
db10 - Win - 1_frame_1351.jpg,Cairos,B,O,False
db10 - Win - 1_frame_1352.jpg,Cairos,B,O,False
db10 - Win - 1_frame_1353.jpg,Cairos,B,O,False
db10 - Win - 1_frame_1354.jpg,Cairos,B,O,False
db10 - Win - 1_frame_1355.jpg,Cairos,B,O,False
db10 - Win - 1_frame_1356.jpg,Cairos,B,O,False
db10 - Win - 1_frame_1357.jpg,Cairos,B,O,False
db10 - Win - 1_frame_1358.jpg,Cairos,B,O,False
db10 - Win - 1_frame_1359.jpg,Cairos,B,O,False
db10 - Win - 1_frame_1360.jpg,Cairos,B,O,False
db10 - Win - 1_frame_1361.jpg,Cairos,B,O,False
db10 - Win - 1_frame_1362.jpg,Cairos,B,O,False
db10 - Win - 1_frame_1363.jpg,Cairos,B,O,False
db10 - Win - 1_frame_1364.jpg,Cairos,B,O,False
db10 - Win - 1_frame_1365.jpg,Cairos,B,O,False
db10 - Win - 1_frame_1366.jpg,Cairos,B,O,False
db10 - Win - 1_frame_1367.jpg,Cairos,B,O,False
db10 - Win - 1_frame_1368.jpg,Cairos,B,O,False
db10 - Win - 1_frame_1369.jpg,Cairos,B,O,False
db10 - Win - 1_frame_1370.jpg,Cairos,B,O,False
db10 - Win - 1_frame_1371.jpg,Cairos,B,O,False
db10 - Win - 1_frame_1372.jpg,Cairos,B,O,False
db10 - Win - 1_frame_1373.jpg,Cairos,B,O,False
db10 - Win - 1_frame_1374.jpg,Cairos,B,O,False
db10 - Win - 1_frame_1375.jpg,Cairos,B,O,False
db10 - Win - 1_frame_1376.jpg,Cairos,B,O,False
db10 - Win - 1_frame_1377.jpg,Cairos,B,O,False
db10 - Win - 1_frame_1378.jpg,Cairos,B,O,False
db10 - Win - 1_frame_1379.jpg,Cairos,B,O,False
db10 - Win - 1_frame_1380.jpg,Cairos,B,O,False
db10 - Win - 1_frame_1381.jpg,Cairos,B,O,False
db10 - Win - 1_frame_1382.jpg,Cairos,B,O,False
db10 - Win - 1_frame_1383.jpg,Cairos,B,O,False
db10 - Win - 1_frame_1384.jpg,Cairos,B,O,False
db10 - Win - 1_frame_1385.jpg,Cairos,B,O,False
db10 - Win - 1_frame_1386.jpg,Cairos,B,O,False
db10 - Win - 1_frame_1387.jpg,Cairos,B,O,False
db10 - Win - 1_frame_1388.jpg,Cairos,B,O,False
db10 - Win - 1_frame_1389.jpg,Cairos,B,O,False
db10 - Win - 1_frame_1390.jpg,Cairos,B,O,False
db10 - Win - 1_frame_1391.jpg,Cairos,B,O,False
db10 - Win - 1_frame_1392.jpg,Cairos,B,O,False
db10 - Win - 1_frame_1393.jpg,Cairos,B,O,False
db10 - Win - 1_frame_1394.jpg,Cairos,B,O,False
db10 - Win - 1_frame_1395.jpg,Cairos,B,O,False
db10 - Win - 1_frame_1396.jpg,Cairos,B,O,False
db10 - Win - 1_frame_1397.jpg,Cairos,B,O,False
db10 - Win - 1_frame_1398.jpg,Cairos,B,O,False
db10 - Win - 1_frame_1399.jpg,Cairos,B,O,False
db10 - Win - 1_frame_1400.jpg,Cairos,B,O,False
db10 - Win - 1_frame_1401.jpg,Cairos,B,O,False
db10 - Win - 1_frame_1402.jpg,Cairos,B,O,False
db10 - Win - 1_frame_1403.jpg,Cairos,B,O,False
db10 - Win - 1_frame_1404.jpg,Cairos,B,O,False
db10 - Win - 1_frame_1405.jpg,Cairos,B,O,False
db10 - Win - 1_frame_1406.jpg,Cairos,B,O,False
db10 - Win - 1_frame_1407.jpg,Cairos,B,O,False
db10 - Win - 1_frame_1408.jpg,Cairos,B,O,False
db10 - Win - 1_frame_1409.jpg,Cairos,B,O,False
db10 - Win - 1_frame_1410.jpg,Cairos,B,O,False
db10 - Win - 1_frame_1411.jpg,Cairos,B,O,False
db10 - Win - 1_frame_1412.jpg,Cairos,B,O,False
db10 - Win - 1_frame_1413.jpg,Cairos,B,O,False
db10 - Win - 1_frame_1414.jpg,Cairos,B,O,False
db10 - Win - 1_frame_1415.jpg,Cairos,B,O,False
db10 - Win - 1_frame_1416.jpg,Cairos,B,O,False
db10 - Win - 1_frame_1417.jpg,Cairos,B,O,False
db10 - Win - 1_frame_1418.jpg,Cairos,B,O,False
db10 - Win - 1_frame_1419.jpg,Cairos,B,O,False
db10 - Win - 1_frame_1420.jpg,Cairos,B,O,False
db10 - Win - 1_frame_1421.jpg,Cairos,B,O,False
db10 - Win - 1_frame_1422.jpg,Cairos,B,O,False
db10 - Win - 1_frame_1423.jpg,Cairos,B,O,False
db10 - Win - 1_frame_1424.jpg,Cairos,B,O,False
db10 - Win - 1_frame_1425.jpg,Cairos,B,O,False
db10 - Win - 1_frame_1426.jpg,Cairos,B,O,False
db10 - Win - 1_frame_1427.jpg,Cairos,B,O,False
db10 - Win - 1_frame_1428.jpg,Cairos,B,O,False
db10 - Win - 1_frame_1429.jpg,Cairos,B,O,False
db10 - Win - 1_frame_1430.jpg,Cairos,B,O,False
db10 - Win - 1_frame_1431.jpg,Cairos,B,O,False
db10 - Win - 1_frame_1432.jpg,Cairos,B,O,False
db10 - Win - 1_frame_1433.jpg,Cairos,B,O,False
db10 - Win - 1_frame_1434.jpg,Cairos,B,O,False
db10 - Win - 1_frame_1435.jpg,Cairos,B,O,False
db10 - Win - 1_frame_1436.jpg,Cairos,B,O,False
db10 - Win - 1_frame_1437.jpg,Cairos,B,O,False
db10 - Win - 1_frame_1438.jpg,Cairos,B,O,False
db10 - Win - 1_frame_1439.jpg,Cairos,B,O,False
db10 - Win - 1_frame_1440.jpg,Cairos,B,O,False
db10 - Win - 1_frame_1441.jpg,Cairos,B,O,False
db10 - Win - 1_frame_1442.jpg,Cairos,B,O,False
db10 - Win - 1_frame_1443.jpg,Cairos,B,O,False
db10 - Win - 1_frame_1444.jpg,Cairos,B,O,False
db10 - Win - 1_frame_1445.jpg,Cairos,B,O,False
db10 - Win - 1_frame_1446.jpg,Cairos,B,O,False
db10 - Win - 1_frame_1447.jpg,Cairos,B,O,False
db10 - Win - 1_frame_1448.jpg,Cairos,B,O,False
db10 - Win - 1_frame_1449.jpg,Cairos,B,O,False
db10 - Win - 1_frame_1450.jpg,Cairos,B,O,False
db10 - Win - 1_frame_1451.jpg,Cairos,B,O,False
db10 - Win - 1_frame_1452.jpg,Cairos,B,O,False
db10 - Win - 1_frame_1453.jpg,Cairos,B,O,False
db10 - Win - 1_frame_1454.jpg,Cairos,B,O,False
db10 - Win - 1_frame_1455.jpg,Cairos,B,O,False
db10 - Win - 1_frame_1456.jpg,Cairos,B,O,False
db10 - Win - 1_frame_1457.jpg,Cairos,B,O,False
db10 - Win - 1_frame_1458.jpg,Cairos,B,O,False
db10 - Win - 1_frame_1459.jpg,Cairos,B,O,False
db10 - Win - 1_frame_1460.jpg,Cairos,B,O,False
db10 - Win - 1_frame_1461.jpg,Cairos,B,O,False
db10 - Win - 1_frame_1462.jpg,Cairos,B,O,False
db10 - Win - 1_frame_1463.jpg,Cairos,B,O,False
db10 - Win - 1_frame_1464.jpg,Cairos,B,O,False
db10 - Win - 1_frame_1465.jpg,Cairos,B,O,False
db10 - Win - 1_frame_1466.jpg,Cairos,B,O,False
db10 - Win - 1_frame_1467.jpg,Cairos,B,O,False
db10 - Win - 1_frame_1468.jpg,Cairos,B,O,False
db10 - Win - 1_frame_1469.jpg,Cairos,B,O,False
db10 - Win - 1_frame_1470.jpg,Cairos,B,O,False
db10 - Win - 1_frame_1471.jpg,Cairos,B,O,False
db10 - Win - 1_frame_1472.jpg,Cairos,B,O,False
db10 - Win - 1_frame_1473.jpg,Cairos,B,O,False
db10 - Win - 1_frame_1474.jpg,Cairos,B,O,False
db10 - Win - 1_frame_1475.jpg,Cairos,B,O,False
db10 - Win - 1_frame_1476.jpg,Cairos,B,O,False
db10 - Win - 1_frame_1477.jpg,Cairos,B,O,False
db10 - Win - 1_frame_1478.jpg,Cairos,B,O,False
db10 - Win - 1_frame_1479.jpg,Cairos,B,O,False
db10 - Win - 1_frame_1480.jpg,Cairos,B,O,False
db10 - Win - 1_frame_1481.jpg,Cairos,B,O,False
db10 - Win - 1_frame_1482.jpg,Cairos,B,O,False
db10 - Win - 1_frame_1483.jpg,Cairos,B,O,False
db10 - Win - 1_frame_1484.jpg,Cairos,B,O,False
db10 - Win - 1_frame_1485.jpg,Cairos,B,O,False
db10 - Win - 1_frame_1486.jpg,Cairos,B,O,False
db10 - Win - 1_frame_1487.jpg,Cairos,B,O,False
db10 - Win - 1_frame_1488.jpg,Cairos,B,O,False
db10 - Win - 1_frame_1489.jpg,Cairos,B,O,False
db10 - Win - 1_frame_1490.jpg,Cairos,B,O,False
db10 - Win - 1_frame_1491.jpg,Cairos,B,O,False
db10 - Win - 1_frame_1492.jpg,Cairos,B,O,False
db10 - Win - 1_frame_1493.jpg,Cairos,B,O,False
db10 - Win - 1_frame_1494.jpg,Cairos,B,O,False
db10 - Win - 1_frame_1495.jpg,Cairos,B,O,False
db10 - Win - 1_frame_1496.jpg,Cairos,B,O,False
db10 - Win - 1_frame_1497.jpg,Cairos,B,O,False
db10 - Win - 1_frame_1498.jpg,Cairos,B,O,False
db10 - Win - 1_frame_1499.jpg,Cairos,B,O,False
db10 - Win - 1_frame_1500.jpg,Cairos,B,O,False
db10 - Win - 1_frame_1501.jpg,Cairos,B,O,False
db10 - Win - 1_frame_1502.jpg,Cairos,B,O,False
db10 - Win - 1_frame_1503.jpg,Cairos,B,O,False
db10 - Win - 1_frame_1504.jpg,Cairos,B,O,False
db10 - Win - 1_frame_1505.jpg,Cairos,B,O,False
db10 - Win - 1_frame_1506.jpg,Cairos,B,O,False
db10 - Win - 1_frame_1507.jpg,Cairos,B,O,False
db10 - Win - 1_frame_1508.jpg,Cairos,B,O,False
db10 - Win - 1_frame_1509.jpg,Cairos,B,O,False
db10 - Win - 1_frame_1510.jpg,Cairos,B,O,False
db10 - Win - 1_frame_1511.jpg,Cairos,B,O,False
db10 - Win - 1_frame_1512.jpg,Cairos,B,O,False
db10 - Win - 1_frame_1513.jpg,Cairos,B,O,False
db10 - Win - 1_frame_1514.jpg,Cairos,B,O,False
db10 - Win - 1_frame_1515.jpg,Cairos,B,O,False
db10 - Win - 1_frame_1516.jpg,Cairos,B,O,False
db10 - Win - 1_frame_1517.jpg,Cairos,B,O,False
db10 - Win - 1_frame_1518.jpg,Cairos,B,O,False
db10 - Win - 1_frame_1519.jpg,Cairos,B,O,False
db10 - Win - 1_frame_1520.jpg,Cairos,B,O,False
db10 - Win - 1_frame_1521.jpg,Cairos,B,O,False
db10 - Win - 1_frame_1522.jpg,Cairos,B,O,False
db10 - Win - 1_frame_1523.jpg,Cairos,B,O,False
db10 - Win - 1_frame_1524.jpg,Cairos,B,O,False
db10 - Win - 1_frame_1525.jpg,Cairos,B,O,False
db10 - Win - 1_frame_1526.jpg,Cairos,B,O,False
db10 - Win - 1_frame_1527.jpg,Cairos,B,O,False
db10 - Win - 1_frame_1528.jpg,Cairos,B,O,False
db10 - Win - 1_frame_1529.jpg,Cairos,B,O,False
db10 - Win - 1_frame_1530.jpg,Cairos,B,O,False
db10 - Win - 1_frame_1531.jpg,Cairos,B,O,False
db10 - Win - 1_frame_1532.jpg,Cairos,B,O,False
db10 - Win - 1_frame_1533.jpg,Cairos,B,O,False
db10 - Win - 1_frame_1534.jpg,Cairos,B,O,False
db10 - Win - 1_frame_1535.jpg,Cairos,B,O,False
db10 - Win - 1_frame_1536.jpg,Cairos,B,O,False
db10 - Win - 1_frame_1537.jpg,Cairos,B,O,False
db10 - Win - 1_frame_1538.jpg,Cairos,B,O,False
db10 - Win - 1_frame_1539.jpg,Cairos,B,O,False
db10 - Win - 1_frame_1540.jpg,Cairos,B,O,False
db10 - Win - 1_frame_1541.jpg,Cairos,B,O,False
db10 - Win - 1_frame_1542.jpg,Cairos,B,O,False
db10 - Win - 1_frame_1543.jpg,Cairos,B,O,False
db10 - Win - 1_frame_1544.jpg,Cairos,B,O,False
db10 - Win - 1_frame_1545.jpg,Cairos,B,O,False
db10 - Win - 1_frame_1546.jpg,Cairos,B,O,False
db10 - Win - 1_frame_1547.jpg,Cairos,B,O,False
db10 - Win - 1_frame_1548.jpg,Cairos,B,O,False
db10 - Win - 1_frame_1549.jpg,Cairos,B,O,False
db10 - Win - 1_frame_1550.jpg,Cairos,B,O,False
db10 - Win - 1_frame_1551.jpg,Cairos,B,O,False
db10 - Win - 1_frame_1552.jpg,Cairos,B,O,False
db10 - Win - 1_frame_1553.jpg,Cairos,B,O,False
db10 - Win - 1_frame_1554.jpg,Cairos,B,O,False
db10 - Win - 1_frame_1555.jpg,Cairos,B,O,False
db10 - Win - 1_frame_1556.jpg,Cairos,B,O,False
db10 - Win - 1_frame_1557.jpg,Cairos,B,O,False
db10 - Win - 1_frame_1558.jpg,Cairos,B,O,False
db10 - Win - 1_frame_1559.jpg,Cairos,B,O,False
db10 - Win - 1_frame_1560.jpg,Cairos,B,O,False
db10 - Win - 1_frame_1561.jpg,Cairos,B,O,False
db10 - Win - 1_frame_1562.jpg,Cairos,B,O,False
db10 - Win - 1_frame_1563.jpg,Cairos,B,O,False
db10 - Win - 1_frame_1564.jpg,Cairos,B,O,False
db10 - Win - 1_frame_1565.jpg,Cairos,B,O,False
db10 - Win - 1_frame_1566.jpg,Cairos,B,O,False
db10 - Win - 1_frame_1567.jpg,Cairos,B,O,False
db10 - Win - 1_frame_1568.jpg,Cairos,B,O,False
db10 - Win - 1_frame_1569.jpg,Cairos,B,O,False
db10 - Win - 1_frame_1570.jpg,Cairos,B,O,False
db10 - Win - 1_frame_1571.jpg,Cairos,B,O,False
db10 - Win - 1_frame_1572.jpg,Cairos,B,O,False
db10 - Win - 1_frame_1573.jpg,Cairos,B,O,False
db10 - Win - 1_frame_1574.jpg,Cairos,B,O,False
db10 - Win - 1_frame_1575.jpg,Cairos,B,O,False
db10 - Win - 1_frame_1576.jpg,Cairos,B,O,False
db10 - Win - 1_frame_1577.jpg,Cairos,B,O,False
db10 - Win - 1_frame_1578.jpg,Cairos,B,O,False
db10 - Win - 1_frame_1579.jpg,Cairos,B,O,False
db10 - Win - 1_frame_1580.jpg,Cairos,B,O,False
db10 - Win - 1_frame_1581.jpg,Cairos,B,O,False
db10 - Win - 1_frame_1582.jpg,Cairos,B,O,False
db10 - Win - 1_frame_1583.jpg,Cairos,B,O,False
db10 - Win - 1_frame_1584.jpg,Cairos,B,O,False
db10 - Win - 1_frame_1585.jpg,Cairos,B,O,False
db10 - Win - 1_frame_1586.jpg,Cairos,B,O,False
db10 - Win - 1_frame_1587.jpg,Cairos,B,O,False
db10 - Win - 1_frame_1588.jpg,Cairos,B,O,False
db10 - Win - 1_frame_1589.jpg,Cairos,B,O,False
db10 - Win - 1_frame_1590.jpg,Cairos,B,O,False
db10 - Win - 1_frame_1591.jpg,Cairos,B,O,False
db10 - Win - 1_frame_1592.jpg,Cairos,B,O,False
db10 - Win - 1_frame_1593.jpg,Cairos,B,O,False
db10 - Win - 1_frame_1594.jpg,Cairos,B,O,False
db10 - Win - 1_frame_1595.jpg,Cairos,B,O,False
db10 - Win - 1_frame_1596.jpg,Cairos,B,O,False
db10 - Win - 1_frame_1597.jpg,Cairos,B,O,False
db10 - Win - 1_frame_1598.jpg,Cairos,B,O,False
db10 - Win - 1_frame_1599.jpg,Cairos,B,O,False
db10 - Win - 1_frame_1600.jpg,Cairos,B,O,False
db10 - Win - 1_frame_1601.jpg,Cairos,B,O,False
db10 - Win - 1_frame_1602.jpg,Cairos,B,O,False
db10 - Win - 1_frame_1603.jpg,Cairos,B,O,False
db10 - Win - 1_frame_1604.jpg,Cairos,B,O,False
db10 - Win - 1_frame_1605.jpg,Cairos,B,O,False
db10 - Win - 1_frame_1606.jpg,Cairos,B,O,False
db10 - Win - 1_frame_1607.jpg,Cairos,B,O,False
db10 - Win - 1_frame_1608.jpg,Cairos,B,O,False
db10 - Win - 1_frame_1609.jpg,Cairos,B,O,False
db10 - Win - 1_frame_1610.jpg,Cairos,B,O,False
db10 - Win - 1_frame_1611.jpg,Cairos,B,O,False
db10 - Win - 1_frame_1612.jpg,Cairos,B,O,False
db10 - Win - 1_frame_1613.jpg,Cairos,B,O,False
db10 - Win - 1_frame_1614.jpg,Cairos,B,O,False
db10 - Win - 1_frame_1615.jpg,Cairos,B,O,False
db10 - Win - 1_frame_1616.jpg,Cairos,B,O,False
db10 - Win - 1_frame_1617.jpg,Cairos,B,O,False
db10 - Win - 1_frame_1618.jpg,Cairos,B,O,False
db10 - Win - 1_frame_1619.jpg,Cairos,B,O,False
db10 - Win - 1_frame_1620.jpg,Cairos,B,O,False
db10 - Win - 1_frame_1621.jpg,Cairos,B,O,False
db10 - Win - 1_frame_1622.jpg,Cairos,B,O,False
db10 - Win - 1_frame_1623.jpg,Cairos,B,O,False
db10 - Win - 1_frame_1624.jpg,Cairos,B,O,False
db10 - Win - 1_frame_1625.jpg,Cairos,B,O,False
db10 - Win - 1_frame_1626.jpg,Cairos,B,O,False
db10 - Win - 1_frame_1627.jpg,Cairos,B,O,False
db10 - Win - 1_frame_1628.jpg,Cairos,B,O,False
db10 - Win - 1_frame_1629.jpg,Cairos,B,O,False
db10 - Win - 1_frame_1630.jpg,Cairos,B,O,False
db10 - Win - 1_frame_1631.jpg,Cairos,B,O,False
db10 - Win - 1_frame_1632.jpg,Cairos,B,O,False
db10 - Win - 1_frame_1633.jpg,Cairos,B,O,False
db10 - Win - 1_frame_1634.jpg,Cairos,B,O,False
db10 - Win - 1_frame_1635.jpg,Cairos,B,O,False
db10 - Win - 1_frame_1636.jpg,Cairos,B,O,False
db10 - Win - 1_frame_1637.jpg,Cairos,B,O,False
db10 - Win - 1_frame_1638.jpg,Cairos,B,O,False
db10 - Win - 1_frame_1639.jpg,Cairos,B,O,False
db10 - Win - 1_frame_1640.jpg,Cairos,B,O,False
db10 - Win - 1_frame_1641.jpg,Cairos,B,O,False
db10 - Win - 1_frame_1642.jpg,Cairos,B,O,False
db10 - Win - 1_frame_1643.jpg,Cairos,B,O,False
db10 - Win - 1_frame_1644.jpg,Cairos,B,O,False
db10 - Win - 1_frame_1645.jpg,Cairos,B,O,False
db10 - Win - 1_frame_1646.jpg,Cairos,B,O,False
db10 - Win - 1_frame_1647.jpg,Cairos,B,O,False
db10 - Win - 1_frame_1648.jpg,Cairos,B,O,False
db10 - Win - 1_frame_1649.jpg,Cairos,B,O,False
db10 - Win - 1_frame_1650.jpg,Cairos,B,O,False
db10 - Win - 1_frame_1651.jpg,Cairos,B,O,False
db10 - Win - 1_frame_1652.jpg,Cairos,B,O,False
db10 - Win - 1_frame_1653.jpg,Cairos,B,O,False
db10 - Win - 1_frame_1654.jpg,Cairos,B,O,False
db10 - Win - 1_frame_1655.jpg,Cairos,B,O,False
db10 - Win - 1_frame_1656.jpg,Cairos,B,O,False
db10 - Win - 1_frame_1657.jpg,Cairos,B,O,False
db10 - Win - 1_frame_1658.jpg,Cairos,B,O,False
db10 - Win - 1_frame_1659.jpg,Cairos,B,O,False
db10 - Win - 1_frame_1660.jpg,Cairos,B,O,False
db10 - Win - 1_frame_1661.jpg,Cairos,B,O,False
db10 - Win - 1_frame_1662.jpg,Cairos,B,O,False
db10 - Win - 1_frame_1663.jpg,Cairos,B,O,False
db10 - Win - 1_frame_1664.jpg,Cairos,B,O,False
db10 - Win - 1_frame_1665.jpg,Cairos,B,O,False
db10 - Win - 1_frame_1666.jpg,Cairos,B,O,False
db10 - Win - 1_frame_1667.jpg,Cairos,B,O,False
db10 - Win - 1_frame_1668.jpg,Cairos,B,O,False
db10 - Win - 1_frame_1669.jpg,Cairos,B,O,False
db10 - Win - 1_frame_1670.jpg,Cairos,B,O,False
db10 - Win - 1_frame_1671.jpg,Cairos,B,O,False
db10 - Win - 1_frame_1672.jpg,Cairos,B,O,False
db10 - Win - 1_frame_1673.jpg,Cairos,B,O,False
db10 - Win - 1_frame_1674.jpg,Cairos,B,O,False
db10 - Win - 1_frame_1675.jpg,Cairos,B,O,False
db10 - Win - 1_frame_1676.jpg,Cairos,B,O,False
db10 - Win - 1_frame_1677.jpg,Cairos,B,O,False
db10 - Win - 1_frame_1678.jpg,Cairos,B,O,False
db10 - Win - 1_frame_1679.jpg,Cairos,B,O,False
db10 - Win - 1_frame_1680.jpg,Cairos,B,O,False
db10 - Win - 1_frame_1681.jpg,Cairos,B,O,False
db10 - Win - 1_frame_1682.jpg,Cairos,B,O,False
db10 - Win - 1_frame_1683.jpg,Cairos,B,O,False
db10 - Win - 1_frame_1684.jpg,Cairos,B,O,False
db10 - Win - 1_frame_1685.jpg,Cairos,B,O,False
db10 - Win - 1_frame_1686.jpg,Cairos,B,O,False
db10 - Win - 1_frame_1687.jpg,Cairos,B,O,False
db10 - Win - 1_frame_1688.jpg,Cairos,B,O,False
db10 - Win - 1_frame_1689.jpg,Cairos,B,O,False
db10 - Win - 1_frame_1690.jpg,Cairos,B,O,False
db10 - Win - 1_frame_1691.jpg,Cairos,B,O,False
db10 - Win - 1_frame_1692.jpg,Cairos,B,O,False
db10 - Win - 1_frame_1693.jpg,Cairos,B,O,False
db10 - Win - 1_frame_1694.jpg,Cairos,B,O,False
db10 - Win - 1_frame_1695.jpg,Cairos,B,O,False
db10 - Win - 1_frame_1696.jpg,Cairos,B,O,False
db10 - Win - 1_frame_1697.jpg,Cairos,B,O,False
db10 - Win - 1_frame_1698.jpg,Cairos,B,O,False
db10 - Win - 1_frame_1699.jpg,Cairos,B,O,False
db10 - Win - 1_frame_1700.jpg,Cairos,B,O,False
db10 - Win - 1_frame_1701.jpg,Cairos,B,O,False
db10 - Win - 1_frame_1702.jpg,Cairos,B,O,False
db10 - Win - 1_frame_1703.jpg,Cairos,B,O,False
db10 - Win - 1_frame_1704.jpg,Cairos,B,O,False
db10 - Win - 1_frame_1705.jpg,Cairos,B,O,False
db10 - Win - 1_frame_1706.jpg,Cairos,B,O,False
db10 - Win - 1_frame_1707.jpg,Cairos,B,O,False
db10 - Win - 1_frame_1708.jpg,Cairos,B,O,False
db10 - Win - 1_frame_1709.jpg,Cairos,B,O,False
db10 - Win - 1_frame_1710.jpg,Cairos,B,O,False
db10 - Win - 1_frame_1711.jpg,Cairos,B,O,False
db10 - Win - 1_frame_1712.jpg,Cairos,B,O,False
db10 - Win - 1_frame_1713.jpg,Cairos,B,O,False
db10 - Win - 1_frame_1714.jpg,Cairos,B,O,False
db10 - Win - 1_frame_1715.jpg,Cairos,B,O,False
db10 - Win - 1_frame_1716.jpg,Cairos,B,O,False
db10 - Win - 1_frame_1717.jpg,Cairos,B,O,False
db10 - Win - 1_frame_1718.jpg,Cairos,B,O,False
db10 - Win - 1_frame_1719.jpg,Cairos,B,O,False
db10 - Win - 1_frame_1720.jpg,Cairos,B,O,False
db10 - Win - 1_frame_1721.jpg,Cairos,B,O,False
db10 - Win - 1_frame_1722.jpg,Cairos,B,O,False
db10 - Win - 1_frame_1723.jpg,Cairos,B,O,False
db10 - Win - 1_frame_1724.jpg,Cairos,B,O,False
db10 - Win - 1_frame_1725.jpg,Cairos,B,O,False
db10 - Win - 1_frame_1726.jpg,Cairos,B,O,False
db10 - Win - 1_frame_1727.jpg,Cairos,B,O,False
db10 - Win - 1_frame_1728.jpg,Cairos,B,O,False
db10 - Win - 1_frame_1729.jpg,Cairos,B,O,False
db10 - Win - 1_frame_1730.jpg,Cairos,B,O,False
db10 - Win - 1_frame_1731.jpg,Cairos,B,O,False
db10 - Win - 1_frame_1732.jpg,Cairos,B,O,False
db10 - Win - 1_frame_1733.jpg,Cairos,B,O,False
db10 - Win - 1_frame_1734.jpg,Cairos,B,O,False
db10 - Win - 1_frame_1735.jpg,Cairos,B,O,False
db10 - Win - 1_frame_1736.jpg,Cairos,B,O,False
db10 - Win - 1_frame_1737.jpg,Cairos,B,O,False
db10 - Win - 1_frame_1738.jpg,Cairos,B,O,False
db10 - Win - 1_frame_1739.jpg,Cairos,B,O,False
db10 - Win - 1_frame_1740.jpg,Cairos,B,O,False
db10 - Win - 1_frame_1741.jpg,Cairos,B,O,False
db10 - Win - 1_frame_1742.jpg,Cairos,B,O,False
db10 - Win - 1_frame_1743.jpg,Cairos,B,O,False
db10 - Win - 1_frame_1744.jpg,Cairos,B,O,False
db10 - Win - 1_frame_1745.jpg,Cairos,B,O,False
db10 - Win - 1_frame_1746.jpg,Cairos,B,O,False
db10 - Win - 1_frame_1747.jpg,Cairos,B,O,False
db10 - Win - 1_frame_1748.jpg,Cairos,B,O,False
db10 - Win - 1_frame_1749.jpg,Cairos,B,O,False
db10 - Win - 1_frame_1750.jpg,Cairos,B,O,False
db10 - Win - 1_frame_1751.jpg,Cairos,B,O,False
db10 - Win - 1_frame_1752.jpg,Cairos,B,O,False
db10 - Win - 1_frame_1753.jpg,Cairos,B,O,False
db10 - Win - 1_frame_1754.jpg,Cairos,B,O,False
db10 - Win - 1_frame_1755.jpg,Cairos,B,O,False
db10 - Win - 1_frame_1756.jpg,Cairos,B,O,False
db10 - Win - 1_frame_1757.jpg,Cairos,B,O,False
db10 - Win - 1_frame_1758.jpg,Cairos,B,O,False
db10 - Win - 1_frame_1759.jpg,Cairos,B,O,False
db10 - Win - 1_frame_1760.jpg,Cairos,B,O,False
db10 - Win - 1_frame_1761.jpg,Cairos,B,O,False
db10 - Win - 1_frame_1762.jpg,Cairos,B,O,False
db10 - Win - 1_frame_1763.jpg,Cairos,B,O,False
db10 - Win - 1_frame_1764.jpg,Cairos,B,O,False
db10 - Win - 1_frame_1765.jpg,Cairos,B,O,False
db10 - Win - 1_frame_1766.jpg,Cairos,B,O,False
db10 - Win - 1_frame_1767.jpg,Cairos,B,O,False
db10 - Win - 1_frame_1768.jpg,Cairos,B,O,False
db10 - Win - 1_frame_1769.jpg,Cairos,B,O,False
db10 - Win - 1_frame_1770.jpg,Cairos,B,O,False
db10 - Win - 1_frame_1771.jpg,Cairos,B,O,False
db10 - Win - 1_frame_1772.jpg,Cairos,B,O,False
db10 - Win - 1_frame_1773.jpg,Cairos,B,O,False
db10 - Win - 1_frame_1774.jpg,Cairos,B,O,False
db10 - Win - 1_frame_1775.jpg,Cairos,B,O,False
db10 - Win - 1_frame_1776.jpg,Cairos,B,O,False
db10 - Win - 1_frame_1777.jpg,Cairos,B,O,False
db10 - Win - 1_frame_1778.jpg,Cairos,B,O,False
db10 - Win - 1_frame_1779.jpg,Cairos,B,O,False
db10 - Win - 1_frame_1780.jpg,Cairos,B,O,False
db10 - Win - 1_frame_1781.jpg,Cairos,B,O,False
db10 - Win - 1_frame_1782.jpg,Cairos,B,O,False
db10 - Win - 1_frame_1783.jpg,Cairos,B,O,False
db10 - Win - 1_frame_1784.jpg,Cairos,B,O,False
db10 - Win - 1_frame_1785.jpg,Cairos,B,O,False
db10 - Win - 1_frame_1786.jpg,Cairos,B,O,False
db10 - Win - 1_frame_1787.jpg,Cairos,B,O,False
db10 - Win - 1_frame_1788.jpg,Cairos,B,O,False
db10 - Win - 1_frame_1789.jpg,Cairos,B,O,False
db10 - Win - 1_frame_1790.jpg,Cairos,B,O,False
db10 - Win - 1_frame_1791.jpg,Cairos,B,O,False
db10 - Win - 1_frame_1792.jpg,Cairos,B,O,False
db10 - Win - 1_frame_1793.jpg,Cairos,B,O,False
db10 - Win - 1_frame_1794.jpg,Cairos,B,O,False
db10 - Win - 1_frame_1795.jpg,Cairos,B,O,False
db10 - Win - 1_frame_1796.jpg,Cairos,B,O,False
db10 - Win - 1_frame_1797.jpg,Cairos,B,O,False
db10 - Win - 1_frame_1798.jpg,Cairos,B,O,False
db10 - Win - 1_frame_1799.jpg,Cairos,B,O,False
db10 - Win - 1_frame_1800.jpg,Cairos,B,O,False
db10 - Win - 1_frame_1801.jpg,Cairos,B,O,False
db10 - Win - 1_frame_1802.jpg,Cairos,B,O,False
db10 - Win - 1_frame_1803.jpg,Cairos,B,O,False
db10 - Win - 1_frame_1804.jpg,Cairos,B,O,False
db10 - Win - 1_frame_1805.jpg,Cairos,B,O,False
db10 - Win - 1_frame_1806.jpg,Cairos,B,O,False
db10 - Win - 1_frame_1807.jpg,Cairos,B,O,False
db10 - Win - 1_frame_1808.jpg,Cairos,B,O,False
db10 - Win - 1_frame_1809.jpg,Cairos,B,O,False
db10 - Win - 1_frame_1810.jpg,Cairos,B,O,False
db10 - Win - 1_frame_1811.jpg,Cairos,B,O,False
db10 - Win - 1_frame_1812.jpg,Cairos,B,O,False
db10 - Win - 1_frame_1813.jpg,Cairos,B,O,False
db10 - Win - 1_frame_1814.jpg,Cairos,B,O,False
db10 - Win - 1_frame_1815.jpg,Cairos,B,O,False
db10 - Win - 1_frame_1816.jpg,Cairos,B,O,False
db10 - Win - 1_frame_1817.jpg,Cairos,B,O,False
db10 - Win - 1_frame_1818.jpg,Cairos,B,O,False
db10 - Win - 1_frame_1819.jpg,Cairos,B,O,False
db10 - Win - 1_frame_1820.jpg,Cairos,B,O,False
db10 - Win - 1_frame_1821.jpg,Cairos,B,O,False
db10 - Win - 1_frame_1822.jpg,Cairos,B,O,False
db10 - Win - 1_frame_1823.jpg,Cairos,B,O,False
db10 - Win - 1_frame_1824.jpg,Cairos,B,O,False
db10 - Win - 1_frame_1825.jpg,Cairos,B,O,False
db10 - Win - 1_frame_1826.jpg,Cairos,B,O,False
db10 - Win - 1_frame_1827.jpg,Cairos,B,O,False
db10 - Win - 1_frame_1828.jpg,Cairos,B,O,False
db10 - Win - 1_frame_1829.jpg,Cairos,B,O,False
db10 - Win - 1_frame_1830.jpg,Cairos,B,O,False
db10 - Win - 1_frame_1831.jpg,Cairos,B,O,False
db10 - Win - 1_frame_1832.jpg,Cairos,B,O,False
db10 - Win - 1_frame_1833.jpg,Cairos,B,O,False
db10 - Win - 1_frame_1834.jpg,Cairos,B,O,False
db10 - Win - 1_frame_1835.jpg,Cairos,B,O,False
db10 - Win - 1_frame_1836.jpg,Cairos,B,O,False
db10 - Win - 1_frame_1837.jpg,Cairos,B,O,False
db10 - Win - 1_frame_1838.jpg,Cairos,B,O,False
db10 - Win - 1_frame_1839.jpg,Cairos,B,O,False
db10 - Win - 1_frame_1840.jpg,Cairos,B,O,False
db10 - Win - 1_frame_1841.jpg,Cairos,B,O,False
db10 - Win - 1_frame_1842.jpg,Cairos,B,O,False
db10 - Win - 1_frame_1843.jpg,Cairos,B,O,False
db10 - Win - 1_frame_1844.jpg,Cairos,B,O,False
db10 - Win - 1_frame_1845.jpg,Cairos,B,O,False
db10 - Win - 1_frame_1846.jpg,Cairos,B,O,False
db10 - Win - 1_frame_1847.jpg,Cairos,B,O,False
db10 - Win - 1_frame_1848.jpg,Cairos,B,O,False
db10 - Win - 1_frame_1849.jpg,Cairos,B,O,False
db10 - Win - 1_frame_1850.jpg,Cairos,B,O,False
db10 - Win - 1_frame_1851.jpg,Cairos,B,O,False
db10 - Win - 1_frame_923.jpg,Cairos,B,O,False
db10 - Win - 1_frame_924.jpg,Cairos,B,O,False
db10 - Win - 1_frame_925.jpg,Cairos,B,O,False
db10 - Win - 1_frame_926.jpg,Cairos,B,O,False
db10 - Win - 1_frame_927.jpg,Cairos,B,O,False
db10 - Win - 1_frame_928.jpg,Cairos,B,O,False
db10 - Win - 1_frame_929.jpg,Cairos,B,O,False
db10 - Win - 1_frame_930.jpg,Cairos,B,O,False
db10 - Win - 1_frame_931.jpg,Cairos,B,O,False
db10 - Win - 1_frame_932.jpg,Cairos,B,O,False
db10 - Win - 1_frame_933.jpg,Cairos,B,O,False
db10 - Win - 1_frame_934.jpg,Cairos,B,O,False
db10 - Win - 1_frame_935.jpg,Cairos,B,O,False
db10 - Win - 1_frame_936.jpg,Cairos,B,O,False
db10 - Win - 1_frame_937.jpg,Cairos,B,O,False
db10 - Win - 1_frame_938.jpg,Cairos,B,O,False
db10 - Win - 1_frame_939.jpg,Cairos,B,O,False
db10 - Win - 1_frame_940.jpg,Cairos,B,O,False
db10 - Win - 1_frame_941.jpg,Cairos,B,O,False
db10 - Win - 1_frame_942.jpg,Cairos,B,O,False
db10 - Win - 1_frame_943.jpg,Cairos,B,O,False
db10 - Win - 1_frame_944.jpg,Cairos,B,O,False
db10 - Win - 1_frame_945.jpg,Cairos,B,O,False
db10 - Win - 1_frame_946.jpg,Cairos,B,O,False
db10 - Win - 1_frame_947.jpg,Cairos,B,O,False
db10 - Win - 1_frame_948.jpg,Cairos,B,O,False
db10 - Win - 1_frame_949.jpg,Cairos,B,O,False
db10 - Win - 1_frame_950.jpg,Cairos,B,O,False
db10 - Win - 1_frame_951.jpg,Cairos,B,O,False
db10 - Win - 1_frame_952.jpg,Cairos,B,O,False
db10 - Win - 1_frame_953.jpg,Cairos,B,O,False
db10 - Win - 1_frame_954.jpg,Cairos,B,O,False
db10 - Win - 1_frame_955.jpg,Cairos,B,O,False
db10 - Win - 1_frame_956.jpg,Cairos,B,O,False
db10 - Win - 1_frame_957.jpg,Cairos,B,O,False
db10 - Win - 1_frame_958.jpg,Cairos,B,O,False
db10 - Win - 1_frame_959.jpg,Cairos,B,O,False
db10 - Win - 1_frame_960.jpg,Cairos,B,O,False
db10 - Win - 1_frame_961.jpg,Cairos,B,O,False
db10 - Win - 1_frame_962.jpg,Cairos,B,O,False
db10 - Win - 1_frame_963.jpg,Cairos,B,O,False
db10 - Win - 1_frame_964.jpg,Cairos,B,O,False
db10 - Win - 1_frame_965.jpg,Cairos,B,O,False
db10 - Win - 1_frame_966.jpg,Cairos,B,O,False
db10 - Win - 1_frame_967.jpg,Cairos,B,O,False
db10 - Win - 1_frame_968.jpg,Cairos,B,O,False
db10 - Win - 1_frame_969.jpg,Cairos,B,O,False
db10 - Win - 1_frame_970.jpg,Cairos,B,O,False
db10 - Win - 1_frame_971.jpg,Cairos,B,O,False
db10 - Win - 1_frame_972.jpg,Cairos,B,O,False
db10 - Win - 1_frame_973.jpg,Cairos,B,O,False
db10 - Win - 1_frame_974.jpg,Cairos,B,O,False
db10 - Win - 1_frame_975.jpg,Cairos,B,O,False
db10 - Win - 1_frame_976.jpg,Cairos,B,O,False
db10 - Win - 1_frame_977.jpg,Cairos,B,O,False
db10 - Win - 1_frame_978.jpg,Cairos,B,O,False
db10 - Win - 1_frame_979.jpg,Cairos,B,O,False
db10 - Win - 1_frame_980.jpg,Cairos,B,O,False
db10 - Win - 1_frame_981.jpg,Cairos,B,O,False
db10 - Win - 1_frame_982.jpg,Cairos,B,O,False
db10 - Win - 1_frame_983.jpg,Cairos,B,O,False
db10 - Win - 1_frame_984.jpg,Cairos,B,O,False
db10 - Win - 1_frame_985.jpg,Cairos,B,O,False
db10 - Win - 1_frame_986.jpg,Cairos,B,O,False
db10 - Win - 1_frame_987.jpg,Cairos,B,O,False
db10 - Win - 1_frame_988.jpg,Cairos,B,O,False
db10 - Win - 1_frame_989.jpg,Cairos,B,O,False
db10 - Win - 1_frame_990.jpg,Cairos,B,O,False
db10 - Win - 1_frame_991.jpg,Cairos,B,O,False
db10 - Win - 1_frame_992.jpg,Cairos,B,O,False
db10 - Win - 1_frame_993.jpg,Cairos,B,O,False
db10 - Win - 1_frame_994.jpg,Cairos,B,O,False
db10 - Win - 1_frame_995.jpg,Cairos,B,O,False
db10 - Win - 1_frame_996.jpg,Cairos,B,O,False
db10 - Win - 1_frame_997.jpg,Cairos,B,O,False
db10 - Win - 1_frame_998.jpg,Cairos,B,O,False
db10 - Win - 1_frame_999.jpg,Cairos,B,O,False
db10 - Win - 1_frame_1.jpg,Cairos,W,O,False
db10 - Win - 1_frame_10.jpg,Cairos,W,O,False
db10 - Win - 1_frame_100.jpg,Cairos,W,O,False
db10 - Win - 1_frame_101.jpg,Cairos,W,O,False
db10 - Win - 1_frame_102.jpg,Cairos,W,O,False
db10 - Win - 1_frame_103.jpg,Cairos,W,O,False
db10 - Win - 1_frame_104.jpg,Cairos,W,O,False
db10 - Win - 1_frame_105.jpg,Cairos,W,O,False
db10 - Win - 1_frame_106.jpg,Cairos,W,O,False
db10 - Win - 1_frame_107.jpg,Cairos,W,O,False
db10 - Win - 1_frame_108.jpg,Cairos,W,O,False
db10 - Win - 1_frame_109.jpg,Cairos,W,O,False
db10 - Win - 1_frame_11.jpg,Cairos,W,O,False
db10 - Win - 1_frame_110.jpg,Cairos,W,O,False
db10 - Win - 1_frame_111.jpg,Cairos,W,O,False
db10 - Win - 1_frame_112.jpg,Cairos,W,O,False
db10 - Win - 1_frame_113.jpg,Cairos,W,O,False
db10 - Win - 1_frame_114.jpg,Cairos,W,O,False
db10 - Win - 1_frame_115.jpg,Cairos,W,O,False
db10 - Win - 1_frame_116.jpg,Cairos,W,O,False
db10 - Win - 1_frame_117.jpg,Cairos,W,O,False
db10 - Win - 1_frame_118.jpg,Cairos,W,O,False
db10 - Win - 1_frame_119.jpg,Cairos,W,O,False
db10 - Win - 1_frame_12.jpg,Cairos,W,O,False
db10 - Win - 1_frame_120.jpg,Cairos,W,O,False
db10 - Win - 1_frame_121.jpg,Cairos,W,O,False
db10 - Win - 1_frame_122.jpg,Cairos,W,O,False
db10 - Win - 1_frame_123.jpg,Cairos,W,O,False
db10 - Win - 1_frame_124.jpg,Cairos,W,O,False
db10 - Win - 1_frame_125.jpg,Cairos,W,O,False
db10 - Win - 1_frame_126.jpg,Cairos,W,O,False
db10 - Win - 1_frame_127.jpg,Cairos,W,O,False
db10 - Win - 1_frame_128.jpg,Cairos,W,O,False
db10 - Win - 1_frame_129.jpg,Cairos,W,O,False
db10 - Win - 1_frame_13.jpg,Cairos,W,O,False
db10 - Win - 1_frame_130.jpg,Cairos,W,O,False
db10 - Win - 1_frame_131.jpg,Cairos,W,O,False
db10 - Win - 1_frame_132.jpg,Cairos,W,O,False
db10 - Win - 1_frame_133.jpg,Cairos,W,O,False
db10 - Win - 1_frame_134.jpg,Cairos,W,O,False
db10 - Win - 1_frame_135.jpg,Cairos,W,O,False
db10 - Win - 1_frame_136.jpg,Cairos,W,O,False
db10 - Win - 1_frame_137.jpg,Cairos,W,O,False
db10 - Win - 1_frame_138.jpg,Cairos,W,O,False
db10 - Win - 1_frame_139.jpg,Cairos,W,O,False
db10 - Win - 1_frame_14.jpg,Cairos,W,O,False
db10 - Win - 1_frame_140.jpg,Cairos,W,O,False
db10 - Win - 1_frame_141.jpg,Cairos,W,O,False
db10 - Win - 1_frame_142.jpg,Cairos,W,O,False
db10 - Win - 1_frame_143.jpg,Cairos,W,O,False
db10 - Win - 1_frame_144.jpg,Cairos,W,O,False
db10 - Win - 1_frame_145.jpg,Cairos,W,O,False
db10 - Win - 1_frame_146.jpg,Cairos,W,O,False
db10 - Win - 1_frame_147.jpg,Cairos,W,O,False
db10 - Win - 1_frame_148.jpg,Cairos,W,O,False
db10 - Win - 1_frame_15.jpg,Cairos,W,O,False
db10 - Win - 1_frame_16.jpg,Cairos,W,O,False
db10 - Win - 1_frame_17.jpg,Cairos,W,O,False
db10 - Win - 1_frame_18.jpg,Cairos,W,O,False
db10 - Win - 1_frame_19.jpg,Cairos,W,O,False
db10 - Win - 1_frame_2.jpg,Cairos,W,O,False
db10 - Win - 1_frame_20.jpg,Cairos,W,O,False
db10 - Win - 1_frame_21.jpg,Cairos,W,O,False
db10 - Win - 1_frame_22.jpg,Cairos,W,O,False
db10 - Win - 1_frame_23.jpg,Cairos,W,O,False
db10 - Win - 1_frame_24.jpg,Cairos,W,O,False
db10 - Win - 1_frame_25.jpg,Cairos,W,O,False
db10 - Win - 1_frame_26.jpg,Cairos,W,O,False
db10 - Win - 1_frame_27.jpg,Cairos,W,O,False
db10 - Win - 1_frame_28.jpg,Cairos,W,O,False
db10 - Win - 1_frame_29.jpg,Cairos,W,O,False
db10 - Win - 1_frame_3.jpg,Cairos,W,O,False
db10 - Win - 1_frame_30.jpg,Cairos,W,O,False
db10 - Win - 1_frame_31.jpg,Cairos,W,O,False
db10 - Win - 1_frame_32.jpg,Cairos,W,O,False
db10 - Win - 1_frame_33.jpg,Cairos,W,O,False
db10 - Win - 1_frame_34.jpg,Cairos,W,O,False
db10 - Win - 1_frame_35.jpg,Cairos,W,O,False
db10 - Win - 1_frame_36.jpg,Cairos,W,O,False
db10 - Win - 1_frame_37.jpg,Cairos,W,O,False
db10 - Win - 1_frame_38.jpg,Cairos,W,O,False
db10 - Win - 1_frame_39.jpg,Cairos,W,O,False
db10 - Win - 1_frame_4.jpg,Cairos,W,O,False
db10 - Win - 1_frame_40.jpg,Cairos,W,O,False
db10 - Win - 1_frame_41.jpg,Cairos,W,O,False
db10 - Win - 1_frame_42.jpg,Cairos,W,O,False
db10 - Win - 1_frame_43.jpg,Cairos,W,O,False
db10 - Win - 1_frame_44.jpg,Cairos,W,O,False
db10 - Win - 1_frame_45.jpg,Cairos,W,O,False
db10 - Win - 1_frame_46.jpg,Cairos,W,O,False
db10 - Win - 1_frame_47.jpg,Cairos,W,O,False
db10 - Win - 1_frame_48.jpg,Cairos,W,O,False
db10 - Win - 1_frame_49.jpg,Cairos,W,O,False
db10 - Win - 1_frame_5.jpg,Cairos,W,O,False
db10 - Win - 1_frame_50.jpg,Cairos,W,O,False
db10 - Win - 1_frame_51.jpg,Cairos,W,O,False
db10 - Win - 1_frame_52.jpg,Cairos,W,O,False
db10 - Win - 1_frame_53.jpg,Cairos,W,O,False
db10 - Win - 1_frame_54.jpg,Cairos,W,O,False
db10 - Win - 1_frame_55.jpg,Cairos,W,O,False
db10 - Win - 1_frame_56.jpg,Cairos,W,O,False
db10 - Win - 1_frame_57.jpg,Cairos,W,O,False
db10 - Win - 1_frame_576.jpg,Cairos,W,O,False
db10 - Win - 1_frame_577.jpg,Cairos,W,O,False
db10 - Win - 1_frame_578.jpg,Cairos,W,O,False
db10 - Win - 1_frame_579.jpg,Cairos,W,O,False
db10 - Win - 1_frame_58.jpg,Cairos,W,O,False
db10 - Win - 1_frame_580.jpg,Cairos,W,O,False
db10 - Win - 1_frame_581.jpg,Cairos,W,O,False
db10 - Win - 1_frame_582.jpg,Cairos,W,O,False
db10 - Win - 1_frame_583.jpg,Cairos,W,O,False
db10 - Win - 1_frame_584.jpg,Cairos,W,O,False
db10 - Win - 1_frame_585.jpg,Cairos,W,O,False
db10 - Win - 1_frame_586.jpg,Cairos,W,O,False
db10 - Win - 1_frame_587.jpg,Cairos,W,O,False
db10 - Win - 1_frame_588.jpg,Cairos,W,O,False
db10 - Win - 1_frame_589.jpg,Cairos,W,O,False
db10 - Win - 1_frame_59.jpg,Cairos,W,O,False
db10 - Win - 1_frame_590.jpg,Cairos,W,O,False
db10 - Win - 1_frame_591.jpg,Cairos,W,O,False
db10 - Win - 1_frame_592.jpg,Cairos,W,O,False
db10 - Win - 1_frame_593.jpg,Cairos,W,O,False
db10 - Win - 1_frame_594.jpg,Cairos,W,O,False
db10 - Win - 1_frame_595.jpg,Cairos,W,O,False
db10 - Win - 1_frame_596.jpg,Cairos,W,O,False
db10 - Win - 1_frame_597.jpg,Cairos,W,O,False
db10 - Win - 1_frame_598.jpg,Cairos,W,O,False
db10 - Win - 1_frame_599.jpg,Cairos,W,O,False
db10 - Win - 1_frame_6.jpg,Cairos,W,O,False
db10 - Win - 1_frame_60.jpg,Cairos,W,O,False
db10 - Win - 1_frame_600.jpg,Cairos,W,O,False
db10 - Win - 1_frame_601.jpg,Cairos,W,O,False
db10 - Win - 1_frame_602.jpg,Cairos,W,O,False
db10 - Win - 1_frame_603.jpg,Cairos,W,O,False
db10 - Win - 1_frame_604.jpg,Cairos,W,O,False
db10 - Win - 1_frame_605.jpg,Cairos,W,O,False
db10 - Win - 1_frame_606.jpg,Cairos,W,O,False
db10 - Win - 1_frame_607.jpg,Cairos,W,O,False
db10 - Win - 1_frame_608.jpg,Cairos,W,O,False
db10 - Win - 1_frame_609.jpg,Cairos,W,O,False
db10 - Win - 1_frame_61.jpg,Cairos,W,O,False
db10 - Win - 1_frame_610.jpg,Cairos,W,O,False
db10 - Win - 1_frame_611.jpg,Cairos,W,O,False
db10 - Win - 1_frame_612.jpg,Cairos,W,O,False
db10 - Win - 1_frame_613.jpg,Cairos,W,O,False
db10 - Win - 1_frame_614.jpg,Cairos,W,O,False
db10 - Win - 1_frame_615.jpg,Cairos,W,O,False
db10 - Win - 1_frame_616.jpg,Cairos,W,O,False
db10 - Win - 1_frame_617.jpg,Cairos,W,O,False
db10 - Win - 1_frame_618.jpg,Cairos,W,O,False
db10 - Win - 1_frame_619.jpg,Cairos,W,O,False
db10 - Win - 1_frame_62.jpg,Cairos,W,O,False
db10 - Win - 1_frame_620.jpg,Cairos,W,O,False
db10 - Win - 1_frame_621.jpg,Cairos,W,O,False
db10 - Win - 1_frame_622.jpg,Cairos,W,O,False
db10 - Win - 1_frame_623.jpg,Cairos,W,O,False
db10 - Win - 1_frame_624.jpg,Cairos,W,O,False
db10 - Win - 1_frame_625.jpg,Cairos,W,O,False
db10 - Win - 1_frame_626.jpg,Cairos,W,O,False
db10 - Win - 1_frame_627.jpg,Cairos,W,O,False
db10 - Win - 1_frame_628.jpg,Cairos,W,O,False
db10 - Win - 1_frame_629.jpg,Cairos,W,O,False
db10 - Win - 1_frame_63.jpg,Cairos,W,O,False
db10 - Win - 1_frame_630.jpg,Cairos,W,O,False
db10 - Win - 1_frame_631.jpg,Cairos,W,O,False
db10 - Win - 1_frame_632.jpg,Cairos,W,O,False
db10 - Win - 1_frame_633.jpg,Cairos,W,O,False
db10 - Win - 1_frame_634.jpg,Cairos,W,O,False
db10 - Win - 1_frame_635.jpg,Cairos,W,O,False
db10 - Win - 1_frame_636.jpg,Cairos,W,O,False
db10 - Win - 1_frame_637.jpg,Cairos,W,O,False
db10 - Win - 1_frame_638.jpg,Cairos,W,O,False
db10 - Win - 1_frame_639.jpg,Cairos,W,O,False
db10 - Win - 1_frame_64.jpg,Cairos,W,O,False
db10 - Win - 1_frame_640.jpg,Cairos,W,O,False
db10 - Win - 1_frame_641.jpg,Cairos,W,O,False
db10 - Win - 1_frame_642.jpg,Cairos,W,O,False
db10 - Win - 1_frame_643.jpg,Cairos,W,O,False
db10 - Win - 1_frame_644.jpg,Cairos,W,O,False
db10 - Win - 1_frame_645.jpg,Cairos,W,O,False
db10 - Win - 1_frame_646.jpg,Cairos,W,O,False
db10 - Win - 1_frame_647.jpg,Cairos,W,O,False
db10 - Win - 1_frame_648.jpg,Cairos,W,O,False
db10 - Win - 1_frame_649.jpg,Cairos,W,O,False
db10 - Win - 1_frame_65.jpg,Cairos,W,O,False
db10 - Win - 1_frame_650.jpg,Cairos,W,O,False
db10 - Win - 1_frame_651.jpg,Cairos,W,O,False
db10 - Win - 1_frame_652.jpg,Cairos,W,O,False
db10 - Win - 1_frame_653.jpg,Cairos,W,O,False
db10 - Win - 1_frame_654.jpg,Cairos,W,O,False
db10 - Win - 1_frame_655.jpg,Cairos,W,O,False
db10 - Win - 1_frame_656.jpg,Cairos,W,O,False
db10 - Win - 1_frame_657.jpg,Cairos,W,O,False
db10 - Win - 1_frame_658.jpg,Cairos,W,O,False
db10 - Win - 1_frame_659.jpg,Cairos,W,O,False
db10 - Win - 1_frame_66.jpg,Cairos,W,O,False
db10 - Win - 1_frame_660.jpg,Cairos,W,O,False
db10 - Win - 1_frame_661.jpg,Cairos,W,O,False
db10 - Win - 1_frame_662.jpg,Cairos,W,O,False
db10 - Win - 1_frame_663.jpg,Cairos,W,O,False
db10 - Win - 1_frame_664.jpg,Cairos,W,O,False
db10 - Win - 1_frame_665.jpg,Cairos,W,O,False
db10 - Win - 1_frame_666.jpg,Cairos,W,O,False
db10 - Win - 1_frame_667.jpg,Cairos,W,O,False
db10 - Win - 1_frame_668.jpg,Cairos,W,O,False
db10 - Win - 1_frame_669.jpg,Cairos,W,O,False
db10 - Win - 1_frame_67.jpg,Cairos,W,O,False
db10 - Win - 1_frame_670.jpg,Cairos,W,O,False
db10 - Win - 1_frame_671.jpg,Cairos,W,O,False
db10 - Win - 1_frame_672.jpg,Cairos,W,O,False
db10 - Win - 1_frame_673.jpg,Cairos,W,O,False
db10 - Win - 1_frame_674.jpg,Cairos,W,O,False
db10 - Win - 1_frame_675.jpg,Cairos,W,O,False
db10 - Win - 1_frame_676.jpg,Cairos,W,O,False
db10 - Win - 1_frame_677.jpg,Cairos,W,O,False
db10 - Win - 1_frame_678.jpg,Cairos,W,O,False
db10 - Win - 1_frame_679.jpg,Cairos,W,O,False
db10 - Win - 1_frame_68.jpg,Cairos,W,O,False
db10 - Win - 1_frame_680.jpg,Cairos,W,O,False
db10 - Win - 1_frame_681.jpg,Cairos,W,O,False
db10 - Win - 1_frame_682.jpg,Cairos,W,O,False
db10 - Win - 1_frame_683.jpg,Cairos,W,O,False
db10 - Win - 1_frame_684.jpg,Cairos,W,O,False
db10 - Win - 1_frame_685.jpg,Cairos,W,O,False
db10 - Win - 1_frame_686.jpg,Cairos,W,O,False
db10 - Win - 1_frame_687.jpg,Cairos,W,O,False
db10 - Win - 1_frame_688.jpg,Cairos,W,O,False
db10 - Win - 1_frame_689.jpg,Cairos,W,O,False
db10 - Win - 1_frame_69.jpg,Cairos,W,O,False
db10 - Win - 1_frame_690.jpg,Cairos,W,O,False
db10 - Win - 1_frame_691.jpg,Cairos,W,O,False
db10 - Win - 1_frame_692.jpg,Cairos,W,O,False
db10 - Win - 1_frame_693.jpg,Cairos,W,O,False
db10 - Win - 1_frame_694.jpg,Cairos,W,O,False
db10 - Win - 1_frame_695.jpg,Cairos,W,O,False
db10 - Win - 1_frame_696.jpg,Cairos,W,O,False
db10 - Win - 1_frame_697.jpg,Cairos,W,O,False
db10 - Win - 1_frame_698.jpg,Cairos,W,O,False
db10 - Win - 1_frame_699.jpg,Cairos,W,O,False
db10 - Win - 1_frame_7.jpg,Cairos,W,O,False
db10 - Win - 1_frame_70.jpg,Cairos,W,O,False
db10 - Win - 1_frame_700.jpg,Cairos,W,O,False
db10 - Win - 1_frame_701.jpg,Cairos,W,O,False
db10 - Win - 1_frame_702.jpg,Cairos,W,O,False
db10 - Win - 1_frame_703.jpg,Cairos,W,O,False
db10 - Win - 1_frame_704.jpg,Cairos,W,O,False
db10 - Win - 1_frame_705.jpg,Cairos,W,O,False
db10 - Win - 1_frame_706.jpg,Cairos,W,O,False
db10 - Win - 1_frame_707.jpg,Cairos,W,O,False
db10 - Win - 1_frame_708.jpg,Cairos,W,O,False
db10 - Win - 1_frame_709.jpg,Cairos,W,O,False
db10 - Win - 1_frame_71.jpg,Cairos,W,O,False
db10 - Win - 1_frame_710.jpg,Cairos,W,O,False
db10 - Win - 1_frame_711.jpg,Cairos,W,O,False
db10 - Win - 1_frame_712.jpg,Cairos,W,O,False
db10 - Win - 1_frame_713.jpg,Cairos,W,O,False
db10 - Win - 1_frame_714.jpg,Cairos,W,O,False
db10 - Win - 1_frame_715.jpg,Cairos,W,O,False
db10 - Win - 1_frame_716.jpg,Cairos,W,O,False
db10 - Win - 1_frame_717.jpg,Cairos,W,O,False
db10 - Win - 1_frame_718.jpg,Cairos,W,O,False
db10 - Win - 1_frame_719.jpg,Cairos,W,O,False
db10 - Win - 1_frame_72.jpg,Cairos,W,O,False
db10 - Win - 1_frame_720.jpg,Cairos,W,O,False
db10 - Win - 1_frame_721.jpg,Cairos,W,O,False
db10 - Win - 1_frame_722.jpg,Cairos,W,O,False
db10 - Win - 1_frame_723.jpg,Cairos,W,O,False
db10 - Win - 1_frame_724.jpg,Cairos,W,O,False
db10 - Win - 1_frame_725.jpg,Cairos,W,O,False
db10 - Win - 1_frame_726.jpg,Cairos,W,O,False
db10 - Win - 1_frame_727.jpg,Cairos,W,O,False
db10 - Win - 1_frame_728.jpg,Cairos,W,O,False
db10 - Win - 1_frame_729.jpg,Cairos,W,O,False
db10 - Win - 1_frame_73.jpg,Cairos,W,O,False
db10 - Win - 1_frame_730.jpg,Cairos,W,O,False
db10 - Win - 1_frame_731.jpg,Cairos,W,O,False
db10 - Win - 1_frame_732.jpg,Cairos,W,O,False
db10 - Win - 1_frame_733.jpg,Cairos,W,O,False
db10 - Win - 1_frame_734.jpg,Cairos,W,O,False
db10 - Win - 1_frame_735.jpg,Cairos,W,O,False
db10 - Win - 1_frame_736.jpg,Cairos,W,O,False
db10 - Win - 1_frame_737.jpg,Cairos,W,O,False
db10 - Win - 1_frame_738.jpg,Cairos,W,O,False
db10 - Win - 1_frame_739.jpg,Cairos,W,O,False
db10 - Win - 1_frame_74.jpg,Cairos,W,O,False
db10 - Win - 1_frame_740.jpg,Cairos,W,O,False
db10 - Win - 1_frame_741.jpg,Cairos,W,O,False
db10 - Win - 1_frame_742.jpg,Cairos,W,O,False
db10 - Win - 1_frame_743.jpg,Cairos,W,O,False
db10 - Win - 1_frame_744.jpg,Cairos,W,O,False
db10 - Win - 1_frame_745.jpg,Cairos,W,O,False
db10 - Win - 1_frame_746.jpg,Cairos,W,O,False
db10 - Win - 1_frame_747.jpg,Cairos,W,O,False
db10 - Win - 1_frame_748.jpg,Cairos,W,O,False
db10 - Win - 1_frame_749.jpg,Cairos,W,O,False
db10 - Win - 1_frame_75.jpg,Cairos,W,O,False
db10 - Win - 1_frame_750.jpg,Cairos,W,O,False
db10 - Win - 1_frame_751.jpg,Cairos,W,O,False
db10 - Win - 1_frame_752.jpg,Cairos,W,O,False
db10 - Win - 1_frame_753.jpg,Cairos,W,O,False
db10 - Win - 1_frame_754.jpg,Cairos,W,O,False
db10 - Win - 1_frame_755.jpg,Cairos,W,O,False
db10 - Win - 1_frame_756.jpg,Cairos,W,O,False
db10 - Win - 1_frame_757.jpg,Cairos,W,O,False
db10 - Win - 1_frame_758.jpg,Cairos,W,O,False
db10 - Win - 1_frame_759.jpg,Cairos,W,O,False
db10 - Win - 1_frame_76.jpg,Cairos,W,O,False
db10 - Win - 1_frame_760.jpg,Cairos,W,O,False
db10 - Win - 1_frame_761.jpg,Cairos,W,O,False
db10 - Win - 1_frame_762.jpg,Cairos,W,O,False
db10 - Win - 1_frame_763.jpg,Cairos,W,O,False
db10 - Win - 1_frame_764.jpg,Cairos,W,O,False
db10 - Win - 1_frame_765.jpg,Cairos,W,O,False
db10 - Win - 1_frame_766.jpg,Cairos,W,O,False
db10 - Win - 1_frame_767.jpg,Cairos,W,O,False
db10 - Win - 1_frame_768.jpg,Cairos,W,O,False
db10 - Win - 1_frame_769.jpg,Cairos,W,O,False
db10 - Win - 1_frame_77.jpg,Cairos,W,O,False
db10 - Win - 1_frame_770.jpg,Cairos,W,O,False
db10 - Win - 1_frame_771.jpg,Cairos,W,O,False
db10 - Win - 1_frame_772.jpg,Cairos,W,O,False
db10 - Win - 1_frame_773.jpg,Cairos,W,O,False
db10 - Win - 1_frame_774.jpg,Cairos,W,O,False
db10 - Win - 1_frame_775.jpg,Cairos,W,O,False
db10 - Win - 1_frame_776.jpg,Cairos,W,O,False
db10 - Win - 1_frame_777.jpg,Cairos,W,O,False
db10 - Win - 1_frame_778.jpg,Cairos,W,O,False
db10 - Win - 1_frame_779.jpg,Cairos,W,O,False
db10 - Win - 1_frame_78.jpg,Cairos,W,O,False
db10 - Win - 1_frame_780.jpg,Cairos,W,O,False
db10 - Win - 1_frame_781.jpg,Cairos,W,O,False
db10 - Win - 1_frame_782.jpg,Cairos,W,O,False
db10 - Win - 1_frame_783.jpg,Cairos,W,O,False
db10 - Win - 1_frame_784.jpg,Cairos,W,O,False
db10 - Win - 1_frame_785.jpg,Cairos,W,O,False
db10 - Win - 1_frame_786.jpg,Cairos,W,O,False
db10 - Win - 1_frame_787.jpg,Cairos,W,O,False
db10 - Win - 1_frame_788.jpg,Cairos,W,O,False
db10 - Win - 1_frame_789.jpg,Cairos,W,O,False
db10 - Win - 1_frame_79.jpg,Cairos,W,O,False
db10 - Win - 1_frame_790.jpg,Cairos,W,O,False
db10 - Win - 1_frame_791.jpg,Cairos,W,O,False
db10 - Win - 1_frame_792.jpg,Cairos,W,O,False
db10 - Win - 1_frame_793.jpg,Cairos,W,O,False
db10 - Win - 1_frame_794.jpg,Cairos,W,O,False
db10 - Win - 1_frame_795.jpg,Cairos,W,O,False
db10 - Win - 1_frame_796.jpg,Cairos,W,O,False
db10 - Win - 1_frame_797.jpg,Cairos,W,O,False
db10 - Win - 1_frame_798.jpg,Cairos,W,O,False
db10 - Win - 1_frame_799.jpg,Cairos,W,O,False
db10 - Win - 1_frame_8.jpg,Cairos,W,O,False
db10 - Win - 1_frame_80.jpg,Cairos,W,O,False
db10 - Win - 1_frame_800.jpg,Cairos,W,O,False
db10 - Win - 1_frame_801.jpg,Cairos,W,O,False
db10 - Win - 1_frame_802.jpg,Cairos,W,O,False
db10 - Win - 1_frame_803.jpg,Cairos,W,O,False
db10 - Win - 1_frame_804.jpg,Cairos,W,O,False
db10 - Win - 1_frame_805.jpg,Cairos,W,O,False
db10 - Win - 1_frame_806.jpg,Cairos,W,O,False
db10 - Win - 1_frame_807.jpg,Cairos,W,O,False
db10 - Win - 1_frame_808.jpg,Cairos,W,O,False
db10 - Win - 1_frame_809.jpg,Cairos,W,O,False
db10 - Win - 1_frame_81.jpg,Cairos,W,O,False
db10 - Win - 1_frame_810.jpg,Cairos,W,O,False
db10 - Win - 1_frame_811.jpg,Cairos,W,O,False
db10 - Win - 1_frame_812.jpg,Cairos,W,O,False
db10 - Win - 1_frame_813.jpg,Cairos,W,O,False
db10 - Win - 1_frame_814.jpg,Cairos,W,O,False
db10 - Win - 1_frame_815.jpg,Cairos,W,O,False
db10 - Win - 1_frame_816.jpg,Cairos,W,O,False
db10 - Win - 1_frame_817.jpg,Cairos,W,O,False
db10 - Win - 1_frame_818.jpg,Cairos,W,O,False
db10 - Win - 1_frame_819.jpg,Cairos,W,O,False
db10 - Win - 1_frame_82.jpg,Cairos,W,O,False
db10 - Win - 1_frame_820.jpg,Cairos,W,O,False
db10 - Win - 1_frame_821.jpg,Cairos,W,O,False
db10 - Win - 1_frame_822.jpg,Cairos,W,O,False
db10 - Win - 1_frame_823.jpg,Cairos,W,O,False
db10 - Win - 1_frame_824.jpg,Cairos,W,O,False
db10 - Win - 1_frame_825.jpg,Cairos,W,O,False
db10 - Win - 1_frame_826.jpg,Cairos,W,O,False
db10 - Win - 1_frame_827.jpg,Cairos,W,O,False
db10 - Win - 1_frame_828.jpg,Cairos,W,O,False
db10 - Win - 1_frame_829.jpg,Cairos,W,O,False
db10 - Win - 1_frame_83.jpg,Cairos,W,O,False
db10 - Win - 1_frame_830.jpg,Cairos,W,O,False
db10 - Win - 1_frame_831.jpg,Cairos,W,O,False
db10 - Win - 1_frame_832.jpg,Cairos,W,O,False
db10 - Win - 1_frame_833.jpg,Cairos,W,O,False
db10 - Win - 1_frame_834.jpg,Cairos,W,O,False
db10 - Win - 1_frame_835.jpg,Cairos,W,O,False
db10 - Win - 1_frame_836.jpg,Cairos,W,O,False
db10 - Win - 1_frame_837.jpg,Cairos,W,O,False
db10 - Win - 1_frame_838.jpg,Cairos,W,O,False
db10 - Win - 1_frame_839.jpg,Cairos,W,O,False
db10 - Win - 1_frame_84.jpg,Cairos,W,O,False
db10 - Win - 1_frame_840.jpg,Cairos,W,O,False
db10 - Win - 1_frame_841.jpg,Cairos,W,O,False
db10 - Win - 1_frame_842.jpg,Cairos,W,O,False
db10 - Win - 1_frame_843.jpg,Cairos,W,O,False
db10 - Win - 1_frame_844.jpg,Cairos,W,O,False
db10 - Win - 1_frame_845.jpg,Cairos,W,O,False
db10 - Win - 1_frame_846.jpg,Cairos,W,O,False
db10 - Win - 1_frame_847.jpg,Cairos,W,O,False
db10 - Win - 1_frame_848.jpg,Cairos,W,O,False
db10 - Win - 1_frame_849.jpg,Cairos,W,O,False
db10 - Win - 1_frame_85.jpg,Cairos,W,O,False
db10 - Win - 1_frame_850.jpg,Cairos,W,O,False
db10 - Win - 1_frame_851.jpg,Cairos,W,O,False
db10 - Win - 1_frame_852.jpg,Cairos,W,O,False
db10 - Win - 1_frame_853.jpg,Cairos,W,O,False
db10 - Win - 1_frame_854.jpg,Cairos,W,O,False
db10 - Win - 1_frame_855.jpg,Cairos,W,O,False
db10 - Win - 1_frame_856.jpg,Cairos,W,O,False
db10 - Win - 1_frame_857.jpg,Cairos,W,O,False
db10 - Win - 1_frame_858.jpg,Cairos,W,O,False
db10 - Win - 1_frame_859.jpg,Cairos,W,O,False
db10 - Win - 1_frame_86.jpg,Cairos,W,O,False
db10 - Win - 1_frame_860.jpg,Cairos,W,O,False
db10 - Win - 1_frame_861.jpg,Cairos,W,O,False
db10 - Win - 1_frame_862.jpg,Cairos,W,O,False
db10 - Win - 1_frame_863.jpg,Cairos,W,O,False
db10 - Win - 1_frame_864.jpg,Cairos,W,O,False
db10 - Win - 1_frame_865.jpg,Cairos,W,O,False
db10 - Win - 1_frame_866.jpg,Cairos,W,O,False
db10 - Win - 1_frame_867.jpg,Cairos,W,O,False
db10 - Win - 1_frame_868.jpg,Cairos,W,O,False
db10 - Win - 1_frame_869.jpg,Cairos,W,O,False
db10 - Win - 1_frame_87.jpg,Cairos,W,O,False
db10 - Win - 1_frame_870.jpg,Cairos,W,O,False
db10 - Win - 1_frame_871.jpg,Cairos,W,O,False
db10 - Win - 1_frame_872.jpg,Cairos,W,O,False
db10 - Win - 1_frame_873.jpg,Cairos,W,O,False
db10 - Win - 1_frame_874.jpg,Cairos,W,O,False
db10 - Win - 1_frame_875.jpg,Cairos,W,O,False
db10 - Win - 1_frame_876.jpg,Cairos,W,O,False
db10 - Win - 1_frame_877.jpg,Cairos,W,O,False
db10 - Win - 1_frame_878.jpg,Cairos,W,O,False
db10 - Win - 1_frame_879.jpg,Cairos,W,O,False
db10 - Win - 1_frame_88.jpg,Cairos,W,O,False
db10 - Win - 1_frame_880.jpg,Cairos,W,O,False
db10 - Win - 1_frame_881.jpg,Cairos,W,O,False
db10 - Win - 1_frame_882.jpg,Cairos,W,O,False
db10 - Win - 1_frame_883.jpg,Cairos,W,O,False
db10 - Win - 1_frame_884.jpg,Cairos,W,O,False
db10 - Win - 1_frame_885.jpg,Cairos,W,O,False
db10 - Win - 1_frame_886.jpg,Cairos,W,O,False
db10 - Win - 1_frame_887.jpg,Cairos,W,O,False
db10 - Win - 1_frame_888.jpg,Cairos,W,O,False
db10 - Win - 1_frame_889.jpg,Cairos,W,O,False
db10 - Win - 1_frame_89.jpg,Cairos,W,O,False
db10 - Win - 1_frame_890.jpg,Cairos,W,O,False
db10 - Win - 1_frame_891.jpg,Cairos,W,O,False
db10 - Win - 1_frame_892.jpg,Cairos,W,O,False
db10 - Win - 1_frame_893.jpg,Cairos,W,O,False
db10 - Win - 1_frame_894.jpg,Cairos,W,O,False
db10 - Win - 1_frame_895.jpg,Cairos,W,O,False
db10 - Win - 1_frame_896.jpg,Cairos,W,O,False
db10 - Win - 1_frame_897.jpg,Cairos,W,O,False
db10 - Win - 1_frame_898.jpg,Cairos,W,O,False
db10 - Win - 1_frame_899.jpg,Cairos,W,O,False
db10 - Win - 1_frame_9.jpg,Cairos,W,O,False
db10 - Win - 1_frame_90.jpg,Cairos,W,O,False
db10 - Win - 1_frame_900.jpg,Cairos,W,O,False
db10 - Win - 1_frame_901.jpg,Cairos,W,O,False
db10 - Win - 1_frame_902.jpg,Cairos,W,O,False
db10 - Win - 1_frame_903.jpg,Cairos,W,O,False
db10 - Win - 1_frame_904.jpg,Cairos,W,O,False
db10 - Win - 1_frame_905.jpg,Cairos,W,O,False
db10 - Win - 1_frame_906.jpg,Cairos,W,O,False
db10 - Win - 1_frame_907.jpg,Cairos,W,O,False
db10 - Win - 1_frame_908.jpg,Cairos,W,O,False
db10 - Win - 1_frame_91.jpg,Cairos,W,O,False
db10 - Win - 1_frame_92.jpg,Cairos,W,O,False
db10 - Win - 1_frame_93.jpg,Cairos,W,O,False
db10 - Win - 1_frame_94.jpg,Cairos,W,O,False
db10 - Win - 1_frame_95.jpg,Cairos,W,O,False
db10 - Win - 1_frame_96.jpg,Cairos,W,O,False
db10 - Win - 1_frame_97.jpg,Cairos,W,O,False
db10 - Win - 1_frame_98.jpg,Cairos,W,O,False
db10 - Win - 1_frame_99.jpg,Cairos,W,O,False
db10 - Win - 1_frame_221.jpg,Cairos,MB,O,False
db10 - Win - 1_frame_222.jpg,Cairos,MB,O,False
db10 - Win - 1_frame_223.jpg,Cairos,MB,O,False
db10 - Win - 1_frame_224.jpg,Cairos,MB,O,False
db10 - Win - 1_frame_225.jpg,Cairos,MB,O,False
db10 - Win - 1_frame_226.jpg,Cairos,MB,O,False
db10 - Win - 1_frame_227.jpg,Cairos,MB,O,False
db10 - Win - 1_frame_228.jpg,Cairos,MB,O,False
db10 - Win - 1_frame_229.jpg,Cairos,MB,O,False
db10 - Win - 1_frame_230.jpg,Cairos,MB,O,False
db10 - Win - 1_frame_231.jpg,Cairos,MB,O,False
db10 - Win - 1_frame_232.jpg,Cairos,MB,O,False
db10 - Win - 1_frame_233.jpg,Cairos,MB,O,False
db10 - Win - 1_frame_234.jpg,Cairos,MB,O,False
db10 - Win - 1_frame_235.jpg,Cairos,MB,O,False
db10 - Win - 1_frame_236.jpg,Cairos,MB,O,False
db10 - Win - 1_frame_237.jpg,Cairos,MB,O,False
db10 - Win - 1_frame_238.jpg,Cairos,MB,O,False
db10 - Win - 1_frame_239.jpg,Cairos,MB,O,False
db10 - Win - 1_frame_240.jpg,Cairos,MB,O,False
db10 - Win - 1_frame_241.jpg,Cairos,MB,O,False
db10 - Win - 1_frame_242.jpg,Cairos,MB,O,False
db10 - Win - 1_frame_243.jpg,Cairos,MB,O,False
db10 - Win - 1_frame_244.jpg,Cairos,MB,O,False
db10 - Win - 1_frame_245.jpg,Cairos,MB,O,False
db10 - Win - 1_frame_246.jpg,Cairos,MB,O,False
db10 - Win - 1_frame_247.jpg,Cairos,MB,O,False
db10 - Win - 1_frame_248.jpg,Cairos,MB,O,False
db10 - Win - 1_frame_249.jpg,Cairos,MB,O,False
db10 - Win - 1_frame_250.jpg,Cairos,MB,O,False
db10 - Win - 1_frame_251.jpg,Cairos,MB,O,False
db10 - Win - 1_frame_252.jpg,Cairos,MB,O,False
db10 - Win - 1_frame_253.jpg,Cairos,MB,O,False
db10 - Win - 1_frame_254.jpg,Cairos,MB,O,False
db10 - Win - 1_frame_255.jpg,Cairos,MB,O,False
db10 - Win - 1_frame_256.jpg,Cairos,MB,O,False
db10 - Win - 1_frame_257.jpg,Cairos,MB,O,False
db10 - Win - 1_frame_258.jpg,Cairos,MB,O,False
db10 - Win - 1_frame_259.jpg,Cairos,MB,O,False
db10 - Win - 1_frame_260.jpg,Cairos,MB,O,False
db10 - Win - 1_frame_261.jpg,Cairos,MB,O,False
db10 - Win - 1_frame_262.jpg,Cairos,MB,O,False
db10 - Win - 1_frame_263.jpg,Cairos,MB,O,False
db10 - Win - 1_frame_264.jpg,Cairos,MB,O,False
db10 - Win - 1_frame_265.jpg,Cairos,MB,O,False
db10 - Win - 1_frame_266.jpg,Cairos,MB,O,False
db10 - Win - 1_frame_267.jpg,Cairos,MB,O,False
db10 - Win - 1_frame_268.jpg,Cairos,MB,O,False
db10 - Win - 1_frame_269.jpg,Cairos,MB,O,False
db10 - Win - 1_frame_270.jpg,Cairos,MB,O,False
db10 - Win - 1_frame_271.jpg,Cairos,MB,O,False
db10 - Win - 1_frame_272.jpg,Cairos,MB,O,False
db10 - Win - 1_frame_273.jpg,Cairos,MB,O,False
db10 - Win - 1_frame_274.jpg,Cairos,MB,O,False
db10 - Win - 1_frame_275.jpg,Cairos,MB,O,False
db10 - Win - 1_frame_276.jpg,Cairos,MB,O,False
db10 - Win - 1_frame_277.jpg,Cairos,MB,O,False
db10 - Win - 1_frame_278.jpg,Cairos,MB,O,False
db10 - Win - 1_frame_279.jpg,Cairos,MB,O,False
db10 - Win - 1_frame_280.jpg,Cairos,MB,O,False
db10 - Win - 1_frame_281.jpg,Cairos,MB,O,False
db10 - Win - 1_frame_282.jpg,Cairos,MB,O,False
db10 - Win - 1_frame_283.jpg,Cairos,MB,O,False
db10 - Win - 1_frame_284.jpg,Cairos,MB,O,False
db10 - Win - 1_frame_285.jpg,Cairos,MB,O,False
db10 - Win - 1_frame_286.jpg,Cairos,MB,O,False
db10 - Win - 1_frame_287.jpg,Cairos,MB,O,False
db10 - Win - 1_frame_288.jpg,Cairos,MB,O,False
db10 - Win - 1_frame_289.jpg,Cairos,MB,O,False
db10 - Win - 1_frame_290.jpg,Cairos,MB,O,False
db10 - Win - 1_frame_291.jpg,Cairos,MB,O,False
db10 - Win - 1_frame_292.jpg,Cairos,MB,O,False
db10 - Win - 1_frame_293.jpg,Cairos,MB,O,False
db10 - Win - 1_frame_294.jpg,Cairos,MB,O,False
db10 - Win - 1_frame_295.jpg,Cairos,MB,O,False
db10 - Win - 1_frame_296.jpg,Cairos,MB,O,False
db10 - Win - 1_frame_297.jpg,Cairos,MB,O,False
db10 - Win - 1_frame_298.jpg,Cairos,MB,O,False
db10 - Win - 1_frame_299.jpg,Cairos,MB,O,False
db10 - Win - 1_frame_300.jpg,Cairos,MB,O,False
db10 - Win - 1_frame_301.jpg,Cairos,MB,O,False
db10 - Win - 1_frame_302.jpg,Cairos,MB,O,False
db10 - Win - 1_frame_303.jpg,Cairos,MB,O,False
db10 - Win - 1_frame_304.jpg,Cairos,MB,O,False
db10 - Win - 1_frame_305.jpg,Cairos,MB,O,False
db10 - Win - 1_frame_306.jpg,Cairos,MB,O,False
db10 - Win - 1_frame_307.jpg,Cairos,MB,O,False
db10 - Win - 1_frame_308.jpg,Cairos,MB,O,False
db10 - Win - 1_frame_309.jpg,Cairos,MB,O,False
db10 - Win - 1_frame_310.jpg,Cairos,MB,O,False
db10 - Win - 1_frame_311.jpg,Cairos,MB,O,False
db10 - Win - 1_frame_312.jpg,Cairos,MB,O,False
db10 - Win - 1_frame_313.jpg,Cairos,MB,O,False
db10 - Win - 1_frame_314.jpg,Cairos,MB,O,False
db10 - Win - 1_frame_315.jpg,Cairos,MB,O,False
db10 - Win - 1_frame_316.jpg,Cairos,MB,O,False
db10 - Win - 1_frame_317.jpg,Cairos,MB,O,False
db10 - Win - 1_frame_318.jpg,Cairos,MB,O,False
db10 - Win - 1_frame_319.jpg,Cairos,MB,O,False
db10 - Win - 1_frame_320.jpg,Cairos,MB,O,False
db10 - Win - 1_frame_321.jpg,Cairos,MB,O,False
db10 - Win - 1_frame_322.jpg,Cairos,MB,O,False
db10 - Win - 1_frame_323.jpg,Cairos,MB,O,False
db10 - Win - 1_frame_324.jpg,Cairos,MB,O,False
db10 - Win - 1_frame_325.jpg,Cairos,MB,O,False
db10 - Win - 1_frame_326.jpg,Cairos,MB,O,False
db10 - Win - 1_frame_327.jpg,Cairos,MB,O,False
db10 - Win - 1_frame_328.jpg,Cairos,MB,O,False
db10 - Win - 1_frame_329.jpg,Cairos,MB,O,False
db10 - Win - 1_frame_330.jpg,Cairos,MB,O,False
db10 - Win - 1_frame_331.jpg,Cairos,MB,O,False
db10 - Win - 1_frame_332.jpg,Cairos,MB,O,False
db10 - Win - 1_frame_333.jpg,Cairos,MB,O,False
db10 - Win - 1_frame_334.jpg,Cairos,MB,O,False
db10 - Win - 1_frame_335.jpg,Cairos,MB,O,False
db10 - Win - 1_frame_336.jpg,Cairos,MB,O,False
db10 - Win - 1_frame_337.jpg,Cairos,MB,O,False
db10 - Win - 1_frame_338.jpg,Cairos,MB,O,False
db10 - Win - 1_frame_339.jpg,Cairos,MB,O,False
db10 - Win - 1_frame_340.jpg,Cairos,MB,O,False
db10 - Win - 1_frame_341.jpg,Cairos,MB,O,False
db10 - Win - 1_frame_342.jpg,Cairos,MB,O,False
db10 - Win - 1_frame_343.jpg,Cairos,MB,O,False
db10 - Win - 1_frame_344.jpg,Cairos,MB,O,False
db10 - Win - 1_frame_345.jpg,Cairos,MB,O,False
db10 - Win - 1_frame_346.jpg,Cairos,MB,O,False
db10 - Win - 1_frame_347.jpg,Cairos,MB,O,False
db10 - Win - 1_frame_348.jpg,Cairos,MB,O,False
db10 - Win - 1_frame_349.jpg,Cairos,MB,O,False
db10 - Win - 1_frame_350.jpg,Cairos,MB,O,False
db10 - Win - 1_frame_351.jpg,Cairos,MB,O,False
db10 - Win - 1_frame_352.jpg,Cairos,MB,O,False
db10 - Win - 1_frame_353.jpg,Cairos,MB,O,False
db10 - Win - 1_frame_354.jpg,Cairos,MB,O,False
db10 - Win - 1_frame_355.jpg,Cairos,MB,O,False
db10 - Win - 1_frame_356.jpg,Cairos,MB,O,False
db10 - Win - 1_frame_357.jpg,Cairos,MB,O,False
db10 - Win - 1_frame_358.jpg,Cairos,MB,O,False
db10 - Win - 1_frame_359.jpg,Cairos,MB,O,False
db10 - Win - 1_frame_360.jpg,Cairos,MB,O,False
db10 - Win - 1_frame_361.jpg,Cairos,MB,O,False
db10 - Win - 1_frame_362.jpg,Cairos,MB,O,False
db10 - Win - 1_frame_363.jpg,Cairos,MB,O,False
db10 - Win - 1_frame_364.jpg,Cairos,MB,O,False
db10 - Win - 1_frame_365.jpg,Cairos,MB,O,False
db10 - Win - 1_frame_366.jpg,Cairos,MB,O,False
db10 - Win - 1_frame_367.jpg,Cairos,MB,O,False
db10 - Win - 1_frame_368.jpg,Cairos,MB,O,False
db10 - Win - 1_frame_369.jpg,Cairos,MB,O,False
db10 - Win - 1_frame_370.jpg,Cairos,MB,O,False
db10 - Win - 1_frame_371.jpg,Cairos,MB,O,False
db10 - Win - 1_frame_372.jpg,Cairos,MB,O,False
db10 - Win - 1_frame_373.jpg,Cairos,MB,O,False
db10 - Win - 1_frame_374.jpg,Cairos,MB,O,False
db10 - Win - 1_frame_375.jpg,Cairos,MB,O,False
db10 - Win - 1_frame_376.jpg,Cairos,MB,O,False
db10 - Win - 1_frame_377.jpg,Cairos,MB,O,False
db10 - Win - 1_frame_378.jpg,Cairos,MB,O,False
db10 - Win - 1_frame_379.jpg,Cairos,MB,O,False
db10 - Win - 1_frame_380.jpg,Cairos,MB,O,False
db10 - Win - 1_frame_381.jpg,Cairos,MB,O,False
db10 - Win - 1_frame_382.jpg,Cairos,MB,O,False
db10 - Win - 1_frame_383.jpg,Cairos,MB,O,False
db10 - Win - 1_frame_384.jpg,Cairos,MB,O,False
db10 - Win - 1_frame_385.jpg,Cairos,MB,O,False
db10 - Win - 1_frame_386.jpg,Cairos,MB,O,False
db10 - Win - 1_frame_387.jpg,Cairos,MB,O,False
db10 - Win - 1_frame_388.jpg,Cairos,MB,O,False
db10 - Win - 1_frame_389.jpg,Cairos,MB,O,False
db10 - Win - 1_frame_390.jpg,Cairos,MB,O,False
db10 - Win - 1_frame_391.jpg,Cairos,MB,O,False
db10 - Win - 1_frame_392.jpg,Cairos,MB,O,False
db10 - Win - 1_frame_393.jpg,Cairos,MB,O,False
db10 - Win - 1_frame_394.jpg,Cairos,MB,O,False
db10 - Win - 1_frame_395.jpg,Cairos,MB,O,False
db10 - Win - 1_frame_396.jpg,Cairos,MB,O,False
db10 - Win - 1_frame_397.jpg,Cairos,MB,O,False
db10 - Win - 1_frame_398.jpg,Cairos,MB,O,False
db10 - Win - 1_frame_399.jpg,Cairos,MB,O,False
db10 - Win - 1_frame_400.jpg,Cairos,MB,O,False
db10 - Win - 1_frame_401.jpg,Cairos,MB,O,False
db10 - Win - 1_frame_402.jpg,Cairos,MB,O,False
db10 - Win - 1_frame_403.jpg,Cairos,MB,O,False
db10 - Win - 1_frame_404.jpg,Cairos,MB,O,False
db10 - Win - 1_frame_405.jpg,Cairos,MB,O,False
db10 - Win - 1_frame_406.jpg,Cairos,MB,O,False
db10 - Win - 1_frame_407.jpg,Cairos,MB,O,False
db10 - Win - 1_frame_408.jpg,Cairos,MB,O,False
db10 - Win - 1_frame_409.jpg,Cairos,MB,O,False
db10 - Win - 1_frame_410.jpg,Cairos,MB,O,False
db10 - Win - 1_frame_411.jpg,Cairos,MB,O,False
db10 - Win - 1_frame_412.jpg,Cairos,MB,O,False
db10 - Win - 1_frame_413.jpg,Cairos,MB,O,False
db10 - Win - 1_frame_414.jpg,Cairos,MB,O,False
db10 - Win - 1_frame_415.jpg,Cairos,MB,O,False
db10 - Win - 1_frame_416.jpg,Cairos,MB,O,False
db10 - Win - 1_frame_417.jpg,Cairos,MB,O,False
db10 - Win - 1_frame_418.jpg,Cairos,MB,O,False
db10 - Win - 1_frame_419.jpg,Cairos,MB,O,False
db10 - Win - 1_frame_420.jpg,Cairos,MB,O,False
db10 - Win - 1_frame_421.jpg,Cairos,MB,O,False
db10 - Win - 1_frame_422.jpg,Cairos,MB,O,False
db10 - Win - 1_frame_423.jpg,Cairos,MB,O,False
db10 - Win - 1_frame_424.jpg,Cairos,MB,O,False
db10 - Win - 1_frame_425.jpg,Cairos,MB,O,False
db10 - Win - 1_frame_426.jpg,Cairos,MB,O,False
db10 - Win - 1_frame_427.jpg,Cairos,MB,O,False
db10 - Win - 1_frame_428.jpg,Cairos,MB,O,False
db10 - Win - 1_frame_429.jpg,Cairos,MB,O,False
db10 - Win - 1_frame_430.jpg,Cairos,MB,O,False
db10 - Win - 1_frame_431.jpg,Cairos,MB,O,False
db10 - Win - 1_frame_432.jpg,Cairos,MB,O,False
db10 - Win - 1_frame_433.jpg,Cairos,MB,O,False
db10 - Win - 1_frame_434.jpg,Cairos,MB,O,False
db10 - Win - 1_frame_435.jpg,Cairos,MB,O,False
db10 - Win - 1_frame_436.jpg,Cairos,MB,O,False
db10 - Win - 1_frame_437.jpg,Cairos,MB,O,False
db10 - Win - 1_frame_438.jpg,Cairos,MB,O,False
db10 - Win - 1_frame_439.jpg,Cairos,MB,O,False
db10 - Win - 1_frame_440.jpg,Cairos,MB,O,False
db10 - Win - 1_frame_441.jpg,Cairos,MB,O,False
db10 - Win - 1_frame_442.jpg,Cairos,MB,O,False
db10 - Win - 1_frame_443.jpg,Cairos,MB,O,False
db10 - Win - 1_frame_444.jpg,Cairos,MB,O,False
db10 - Win - 1_frame_445.jpg,Cairos,MB,O,False
db10 - Win - 1_frame_446.jpg,Cairos,MB,O,False
db10 - Win - 1_frame_447.jpg,Cairos,MB,O,False
db10 - Win - 1_frame_448.jpg,Cairos,MB,O,False
db10 - Win - 1_frame_449.jpg,Cairos,MB,O,False
db10 - Win - 1_frame_450.jpg,Cairos,MB,O,False
db10 - Win - 1_frame_451.jpg,Cairos,MB,O,False
db10 - Win - 1_frame_452.jpg,Cairos,MB,O,False
db10 - Win - 1_frame_453.jpg,Cairos,MB,O,False
db10 - Win - 1_frame_454.jpg,Cairos,MB,O,False
db10 - Win - 1_frame_455.jpg,Cairos,MB,O,False
db10 - Win - 1_frame_456.jpg,Cairos,MB,O,False
db10 - Win - 1_frame_457.jpg,Cairos,MB,O,False
db10 - Win - 1_frame_458.jpg,Cairos,MB,O,False
db10 - Win - 1_frame_459.jpg,Cairos,MB,O,False
db10 - Win - 1_frame_460.jpg,Cairos,MB,O,False
db10 - Win - 1_frame_461.jpg,Cairos,MB,O,False
db10 - Win - 1_frame_462.jpg,Cairos,MB,O,False
db10 - Win - 1_frame_463.jpg,Cairos,MB,O,False
db10 - Win - 1_frame_464.jpg,Cairos,MB,O,False
db10 - Win - 1_frame_465.jpg,Cairos,MB,O,False
db10 - Win - 1_frame_466.jpg,Cairos,MB,O,False
db10 - Win - 1_frame_467.jpg,Cairos,MB,O,False
db10 - Win - 1_frame_468.jpg,Cairos,MB,O,False
db10 - Win - 1_frame_469.jpg,Cairos,MB,O,False
db10 - Win - 1_frame_470.jpg,Cairos,MB,O,False
db10 - Win - 1_frame_471.jpg,Cairos,MB,O,False
db10 - Win - 1_frame_472.jpg,Cairos,MB,O,False
db10 - Win - 1_frame_473.jpg,Cairos,MB,O,False
db10 - Win - 1_frame_474.jpg,Cairos,MB,O,False
db10 - Win - 1_frame_475.jpg,Cairos,MB,O,False
db10 - Win - 1_frame_476.jpg,Cairos,MB,O,False
db10 - Win - 1_frame_477.jpg,Cairos,MB,O,False
db10 - Win - 1_frame_478.jpg,Cairos,MB,O,False
db10 - Win - 1_frame_479.jpg,Cairos,MB,O,False
db10 - Win - 1_frame_480.jpg,Cairos,MB,O,False
db10 - Win - 1_frame_481.jpg,Cairos,MB,O,False
db10 - Win - 1_frame_482.jpg,Cairos,MB,O,False
db10 - Win - 1_frame_483.jpg,Cairos,MB,O,False
db10 - Win - 1_frame_484.jpg,Cairos,MB,O,False
db10 - Win - 1_frame_485.jpg,Cairos,MB,O,False
db10 - Win - 1_frame_486.jpg,Cairos,MB,O,False
db10 - Win - 1_frame_487.jpg,Cairos,MB,O,False
db10 - Win - 1_frame_488.jpg,Cairos,MB,O,False
db10 - Win - 1_frame_489.jpg,Cairos,MB,O,False
db10 - Win - 1_frame_490.jpg,Cairos,MB,O,False
db10 - Win - 1_frame_491.jpg,Cairos,MB,O,False
db10 - Win - 1_frame_492.jpg,Cairos,MB,O,False
db10 - Win - 1_frame_493.jpg,Cairos,MB,O,False
db10 - Win - 1_frame_494.jpg,Cairos,MB,O,False
db10 - Win - 1_frame_495.jpg,Cairos,MB,O,False
db10 - Win - 1_frame_496.jpg,Cairos,MB,O,False
db10 - Win - 1_frame_497.jpg,Cairos,MB,O,False
db10 - Win - 1_frame_498.jpg,Cairos,MB,O,False
db10 - Win - 1_frame_499.jpg,Cairos,MB,O,False
db10 - Win - 1_frame_500.jpg,Cairos,MB,O,False
db10 - Win - 1_frame_501.jpg,Cairos,MB,O,False
db10 - Win - 1_frame_502.jpg,Cairos,MB,O,False
db10 - Win - 1_frame_503.jpg,Cairos,MB,O,False
db10 - Win - 1_frame_504.jpg,Cairos,MB,O,False
db10 - Win - 1_frame_505.jpg,Cairos,MB,O,False
db10 - Win - 1_frame_1852.jpg,Cairos,R,V,0/0/996/1768
db10 - Win - 1_frame_1853.jpg,Cairos,R,V,0/0/996/1768
db10 - Win - 1_frame_1854.jpg,Cairos,R,V,0/0/996/1768
db10 - Win - 1_frame_1855.jpg,Cairos,R,V,0/0/996/1768
db10 - Win - 1_frame_1856.jpg,Cairos,R,V,0/0/996/1768
db10 - Win - 1_frame_1857.jpg,Cairos,R,V,0/0/996/1768
db10 - Win - 1_frame_1858.jpg,Cairos,R,V,0/0/996/1768
db10 - Win - 1_frame_1859.jpg,Cairos,R,V,0/0/996/1768
db10 - Win - 1_frame_1860.jpg,Cairos,R,V,0/0/996/1768
db10 - Win - 1_frame_1861.jpg,Cairos,R,V,0/0/996/1768
db10 - Win - 1_frame_1862.jpg,Cairos,R,V,0/0/996/1768
db10 - Win - 1_frame_1863.jpg,Cairos,R,V,0/0/996/1768
db10 - Win - 1_frame_1864.jpg,Cairos,R,V,0/0/996/1768
db10 - Win - 1_frame_1865.jpg,Cairos,R,V,0/0/996/1768
db10 - Win - 1_frame_1866.jpg,Cairos,R,V,0/0/996/1768
db10 - Win - 1_frame_1867.jpg,Cairos,R,V,0/0/996/1768
db10 - Win - 1_frame_1868.jpg,Cairos,R,V,0/0/996/1768
db10 - Win - 1_frame_1869.jpg,Cairos,R,V,0/0/996/1768
db10 - Win - 1_frame_1870.jpg,Cairos,R,V,0/0/996/1768
db10 - Win - 1_frame_1871.jpg,Cairos,R,V,0/0/996/1768
db10 - Win - 1_frame_1872.jpg,Cairos,R,V,0/0/996/1768
db10 - Win - 1_frame_1873.jpg,Cairos,R,V,0/0/996/1768
db10 - Win - 1_frame_1874.jpg,Cairos,R,V,0/0/996/1768
db10 - Win - 1_frame_1875.jpg,Cairos,R,V,0/0/996/1768
db10 - Win - 1_frame_1876.jpg,Cairos,R,V,0/0/996/1768
db10 - Win - 1_frame_1877.jpg,Cairos,R,V,0/0/996/1768
db10 - Win - 1_frame_1878.jpg,Cairos,R,V,0/0/996/1768
db10 - Win - 1_frame_1879.jpg,Cairos,R,V,0/0/996/1768
db10 - Win - 1_frame_1880.jpg,Cairos,R,V,0/0/996/1768
db10 - Win - 1_frame_1881.jpg,Cairos,R,V,0/0/996/1768
db10 - Win - 1_frame_1882.jpg,Cairos,R,V,0/0/996/1768
db10 - Win - 1_frame_1883.jpg,Cairos,R,V,0/0/996/1768
db10 - Win - 1_frame_1884.jpg,Cairos,R,V,0/0/996/1768
db10 - Win - 1_frame_1885.jpg,Cairos,R,V,0/0/996/1768
db10 - Win - 1_frame_1886.jpg,Cairos,R,V,0/0/996/1768
db10 - Win - 1_frame_1887.jpg,Cairos,R,V,0/0/996/1768
db10 - Win - 1_frame_1888.jpg,Cairos,R,V,0/0/996/1768
db10 - Win - 1_frame_1889.jpg,Cairos,R,V,0/0/996/1768
db10 - Win - 1_frame_1890.jpg,Cairos,R,V,0/0/996/1768
db10 - Win - 1_frame_1891.jpg,Cairos,R,V,0/0/996/1768
db10 - Win - 1_frame_1892.jpg,Cairos,R,V,0/0/996/1768
db10 - Win - 1_frame_1893.jpg,Cairos,R,V,0/0/996/1768
db10 - Win - 1_frame_1894.jpg,Cairos,R,V,0/0/996/1768
db10 - Win - 1_frame_1895.jpg,Cairos,R,V,0/0/996/1768
db10 - Win - 1_frame_1896.jpg,Cairos,R,V,0/0/996/1768
db10 - Win - 1_frame_1897.jpg,Cairos,R,V,0/0/996/1768
db10 - Win - 1_frame_1898.jpg,Cairos,R,V,0/0/996/1768
db10 - Win - 1_frame_1899.jpg,Cairos,R,V,0/0/996/1768
db10 - Win - 1_frame_1900.jpg,Cairos,R,V,0/0/996/1768
db10 - Win - 1_frame_1901.jpg,Cairos,R,V,0/0/996/1768
db10 - Win - 1_frame_1902.jpg,Cairos,R,V,0/0/996/1768
db10 - Win - 1_frame_1903.jpg,Cairos,R,V,0/0/996/1768
db10 - Win - 1_frame_1904.jpg,Cairos,R,V,0/0/996/1768
db10 - Win - 1_frame_1905.jpg,Cairos,R,V,0/0/996/1768
db10 - Win - 1_frame_1906.jpg,Cairos,R,V,0/0/996/1768
db10 - Win - 1_frame_1907.jpg,Cairos,R,V,0/0/996/1768
db10 - Win - 1_frame_1908.jpg,Cairos,R,V,0/0/996/1768
db10 - Win - 1_frame_1909.jpg,Cairos,R,V,0/0/996/1768
db10 - Win - 1_frame_1910.jpg,Cairos,R,V,0/0/996/1768
db10 - Win - 1_frame_1911.jpg,Cairos,R,V,0/0/996/1768
db10 - Win - 1_frame_1912.jpg,Cairos,R,V,0/0/996/1768
db10 - Win - 1_frame_1913.jpg,Cairos,R,V,0/0/996/1768
db10 - Win - 1_frame_1914.jpg,Cairos,R,V,0/0/996/1768
db10 - Win - 1_frame_1915.jpg,Cairos,R,V,0/0/996/1768
db10 - Win - 1_frame_1916.jpg,Cairos,R,V,0/0/996/1768
db10 - Win - 1_frame_1917.jpg,Cairos,R,V,0/0/996/1768
db10 - Win - 1_frame_1918.jpg,Cairos,R,V,0/0/996/1768
db10 - Win - 1_frame_1919.jpg,Cairos,R,V,0/0/996/1768
db10 - Win - 1_frame_1920.jpg,Cairos,R,V,0/0/996/1768
db10 - Win - 1_frame_1921.jpg,Cairos,R,V,0/0/996/1768
db10 - Win - 1_frame_1922.jpg,Cairos,R,V,0/0/996/1768
db10 - Win - 1_frame_1923.jpg,Cairos,R,V,0/0/996/1768
db10 - Win - 1_frame_1924.jpg,Cairos,R,V,0/0/996/1768
db10 - Win - 1_frame_1925.jpg,Cairos,R,V,0/0/996/1768
db10 - Win - 1_frame_1926.jpg,Cairos,R,V,0/0/996/1768
db10 - Win - 1_frame_1927.jpg,Cairos,R,V,0/0/996/1768
db10 - Win - 1_frame_1928.jpg,Cairos,R,V,0/0/996/1768
db10 - Win - 1_frame_1929.jpg,Cairos,R,V,0/0/996/1768
db10 - Win - 1_frame_1930.jpg,Cairos,R,V,0/0/996/1768
db10 - Win - 1_frame_1931.jpg,Cairos,R,V,0/0/996/1768
db10 - Win - 1_frame_1932.jpg,Cairos,R,V,0/0/996/1768
db10 - Win - 1_frame_1933.jpg,Cairos,R,V,0/0/996/1768
db10 - Win - 1_frame_1934.jpg,Cairos,R,V,0/0/996/1768
db10 - Win - 1_frame_1935.jpg,Cairos,R,V,0/0/996/1768
db10 - Win - 1_frame_1936.jpg,Cairos,R,V,0/0/996/1768
db10 - Win - 1_frame_1937.jpg,Cairos,R,V,0/0/996/1768
db10 - Win - 1_frame_1938.jpg,Cairos,R,V,0/0/996/1768
db10 - Win - 1_frame_1939.jpg,Cairos,R,V,0/0/996/1768
db10 - Win - 1_frame_1940.jpg,Cairos,R,V,0/0/996/1768
db10 - Win - 1_frame_1941.jpg,Cairos,R,V,0/0/996/1768
db10 - Win - 1_frame_1942.jpg,Cairos,R,V,0/0/996/1768
db10 - Win - 1_frame_1943.jpg,Cairos,R,V,0/0/996/1768
db10 - Win - 1_frame_1944.jpg,Cairos,R,V,0/0/996/1768
db10 - Win - 1_frame_1945.jpg,Cairos,R,V,0/0/996/1768
db10 - Win - 1_frame_1946.jpg,Cairos,R,V,0/0/996/1768
db10 - Win - 1_frame_1947.jpg,Cairos,R,V,0/0/996/1768
db10 - Win - 1_frame_1948.jpg,Cairos,R,V,0/0/996/1768
db10 - Win - 1_frame_1949.jpg,Cairos,R,V,0/0/996/1768
db10 - Win - 1_frame_1950.jpg,Cairos,R,V,0/0/996/1768
db10 - Win - 1_frame_1951.jpg,Cairos,R,V,0/0/996/1768
db10 - Win - 1_frame_1952.jpg,Cairos,R,V,0/0/996/1768
db10 - Win - 1_frame_1953.jpg,Cairos,R,V,0/0/996/1768
db10 - Win - 1_frame_1954.jpg,Cairos,R,V,0/0/996/1768
db10 - Win - 1_frame_1955.jpg,Cairos,R,V,0/0/996/1768
db10 - Win - 1_frame_1956.jpg,Cairos,R,V,0/0/996/1768
db10 - Win - 1_frame_1957.jpg,Cairos,R,V,0/0/996/1768
db10 - Win - 1_frame_1958.jpg,Cairos,R,V,0/0/996/1768
db10 - Win - 1_frame_1959.jpg,Cairos,R,V,0/0/996/1768
db10 - Win - 1_frame_1960.jpg,Cairos,R,V,0/0/996/1768
db10 - Win - 1_frame_1961.jpg,Cairos,R,V,0/0/996/1768
db10 - Win - 1_frame_1962.jpg,Cairos,R,V,0/0/996/1768
db10 - Win - 1_frame_1963.jpg,Cairos,R,V,0/0/996/1768
db10 - Win - 1_frame_1964.jpg,Cairos,R,V,0/0/996/1768
db10 - Win - 1_frame_1965.jpg,Cairos,R,V,0/0/996/1768
db10 - Win - 1_frame_1966.jpg,Cairos,R,V,0/0/996/1768
db10 - Win - 1_frame_1967.jpg,Cairos,R,V,0/0/996/1768
db10 - Win - 1_frame_1968.jpg,Cairos,R,V,0/0/996/1768
db10 - Win - 1_frame_1969.jpg,Cairos,R,V,0/0/996/1768
db10 - Win - 1_frame_1970.jpg,Cairos,R,V,0/0/996/1768
db10 - Win - 1_frame_1971.jpg,Cairos,R,V,0/0/996/1768
db10 - Win - 1_frame_1972.jpg,Cairos,R,V,0/0/996/1768
db10 - Win - 1_frame_1973.jpg,Cairos,R,V,0/0/996/1768
db10 - Win - 1_frame_1974.jpg,Cairos,R,V,0/0/996/1768
db10 - Win - 1_frame_1975.jpg,Cairos,R,V,0/0/996/1768
db10 - Win - 1_frame_1976.jpg,Cairos,R,V,0/0/996/1768
db10 - Win - 1_frame_1977.jpg,Cairos,R,V,0/0/996/1768
db10 - Win - 1_frame_1978.jpg,Cairos,R,V,0/0/996/1768
db10 - Win - 1_frame_1979.jpg,Cairos,R,V,0/0/996/1768
db10 - Win - 1_frame_1980.jpg,Cairos,R,V,0/0/996/1768
db10 - Win - 1_frame_1981.jpg,Cairos,R,V,0/0/996/1768
db10 - Win - 1_frame_1982.jpg,Cairos,R,V,0/0/996/1768
db10 - Win - 1_frame_1983.jpg,Cairos,R,V,0/0/996/1768
db10 - Win - 1_frame_1984.jpg,Cairos,R,V,0/0/996/1768
db10 - Win - 1_frame_1985.jpg,Cairos,R,V,0/0/996/1768
db10 - Win - 1_frame_1986.jpg,Cairos,R,V,0/0/996/1768
db10 - Win - 1_frame_1987.jpg,Cairos,R,V,0/0/996/1768
db10 - Win - 1_frame_1988.jpg,Cairos,R,V,0/0/996/1768
db10 - Win - 1_frame_1989.jpg,Cairos,R,V,0/0/996/1768
db10 - Win - 1_frame_1990.jpg,Cairos,R,V,0/0/996/1768
db10 - Win - 1_frame_1991.jpg,Cairos,R,V,0/0/996/1768
db10 - Win - 1_frame_1992.jpg,Cairos,R,V,0/0/996/1768
db10 - Win - 1_frame_1993.jpg,Cairos,R,V,0/0/996/1768
db10 - Win - 1_frame_1994.jpg,Cairos,R,V,0/0/996/1768
db10 - Win - 1_frame_1995.jpg,Cairos,R,V,0/0/996/1768
db10 - Win - 1_frame_1996.jpg,Cairos,R,V,0/0/996/1768
db10 - Win - 1_frame_2025.jpg,Cairos,R,V,760/922/93/222
db10 - Win - 1_frame_2026.jpg,Cairos,R,V,760/922/93/222
db10 - Win - 1_frame_2027.jpg,Cairos,R,V,760/922/93/222
db10 - Win - 1_frame_2028.jpg,Cairos,R,V,760/922/93/222
db10 - Win - 1_frame_2029.jpg,Cairos,R,V,760/922/93/222
db10 - Win - 1_frame_2030.jpg,Cairos,R,V,760/922/93/222
db10 - Win - 1_frame_2031.jpg,Cairos,R,V,760/922/93/222
db10 - Win - 1_frame_2032.jpg,Cairos,R,V,760/922/93/222
db10 - Win - 1_frame_2033.jpg,Cairos,R,V,760/922/93/222
db10 - Win - 1_frame_2034.jpg,Cairos,R,V,760/922/93/222
db10 - Win - 1_frame_2035.jpg,Cairos,R,V,760/922/93/222
db10 - Win - 1_frame_2036.jpg,Cairos,R,V,760/922/93/222
db10 - Win - 1_frame_2037.jpg,Cairos,R,V,760/922/93/222
db10 - Win - 1_frame_2038.jpg,Cairos,R,V,760/922/93/222
db10 - Win - 1_frame_2039.jpg,Cairos,R,V,760/922/93/222
db10 - Win - 1_frame_2040.jpg,Cairos,R,V,760/922/93/222
db10 - Win - 1_frame_2041.jpg,Cairos,R,V,760/922/93/222
db10 - Win - 1_frame_2042.jpg,Cairos,R,V,760/922/93/222
db10 - Win - 1_frame_2043.jpg,Cairos,R,V,760/922/93/222
db10 - Win - 1_frame_2044.jpg,Cairos,R,V,760/922/93/222
db10 - Win - 1_frame_2045.jpg,Cairos,R,V,760/922/93/222
db10 - Win - 1_frame_2046.jpg,Cairos,R,V,760/922/93/222
db10 - Win - 1_frame_2047.jpg,Cairos,R,V,760/922/93/222
db10 - Win - 1_frame_2048.jpg,Cairos,R,V,760/922/93/222
db10 - Win - 1_frame_2049.jpg,Cairos,R,V,760/922/93/222
db10 - Win - 1_frame_2050.jpg,Cairos,R,V,760/922/93/222
db10 - Win - 1_frame_2051.jpg,Cairos,R,V,760/922/93/222
db10 - Win - 1_frame_2052.jpg,Cairos,R,V,760/922/93/222
db10 - Win - 1_frame_2053.jpg,Cairos,R,V,760/922/93/222
db10 - Win - 1_frame_2054.jpg,Cairos,R,V,760/922/93/222
db10 - Win - 1_frame_2055.jpg,Cairos,R,V,760/922/93/222
db10 - Win - 1_frame_2085.jpg,Cairos,RL,V,489/306/102/515
db10 - Win - 1_frame_2086.jpg,Cairos,RL,V,489/306/102/515
db10 - Win - 1_frame_2087.jpg,Cairos,RL,V,489/306/102/515
db10 - Win - 1_frame_2088.jpg,Cairos,RL,V,489/306/102/515
db10 - Win - 1_frame_2089.jpg,Cairos,RL,V,489/306/102/515
db10 - Win - 1_frame_2090.jpg,Cairos,RL,V,489/306/102/515
db10 - Win - 1_frame_2091.jpg,Cairos,RL,V,489/306/102/515
db10 - Win - 1_frame_2092.jpg,Cairos,RL,V,489/306/102/515
db10 - Win - 1_frame_2093.jpg,Cairos,RL,V,489/306/102/515
db10 - Win - 1_frame_2094.jpg,Cairos,RL,V,489/306/102/515
db10 - Win - 1_frame_2095.jpg,Cairos,RL,V,489/306/102/515
db10 - Win - 1_frame_2096.jpg,Cairos,RL,V,489/306/102/515
db10 - Win - 1_frame_2097.jpg,Cairos,RL,V,489/306/102/515
db10 - Win - 1_frame_2098.jpg,Cairos,RL,V,489/306/102/515
db10 - Win - 1_frame_2099.jpg,Cairos,RL,V,489/306/102/515
db10 - Win - 1_frame_2100.jpg,Cairos,RL,V,489/306/102/515
db10 - Win - 1_frame_2101.jpg,Cairos,RL,V,489/306/102/515
db10 - Win - 1_frame_2102.jpg,Cairos,RL,V,489/306/102/515
db10 - Win - 1_frame_2103.jpg,Cairos,RL,V,489/306/102/515
db10 - Win - 1_frame_2104.jpg,Cairos,RL,V,489/306/102/515
db10 - Win - 1_frame_2105.jpg,Cairos,RL,V,489/306/102/515
db10 - Win - 1_frame_2106.jpg,Cairos,RL,V,489/306/102/515
db10 - Win - 1_frame_2107.jpg,Cairos,RL,V,489/306/102/515
db10 - Win - 1_frame_2108.jpg,Cairos,RL,V,489/306/102/515
db10 - Win - 1_frame_2109.jpg,Cairos,RL,V,489/306/102/515
db10 - Win - 1_frame_2110.jpg,Cairos,RL,V,489/306/102/515
db10 - Win - 1_frame_2111.jpg,Cairos,RL,V,489/306/102/515
db10 - Win - 1_frame_2112.jpg,Cairos,RL,V,489/306/102/515
db10 - Win - 1_frame_2113.jpg,Cairos,RL,V,489/306/102/515
db10 - Win - 1_frame_2114.jpg,Cairos,RL,V,489/306/102/515
db10 - Win - 1_frame_2115.jpg,Cairos,RL,V,489/306/102/515
db10 - Win - 1_frame_2116.jpg,Cairos,RL,V,489/306/102/515
db10 - Win - 1_frame_2117.jpg,Cairos,RL,V,489/306/102/515
db10 - Win - 1_frame_2118.jpg,Cairos,RL,V,489/306/102/515
db10 - Win - 1_frame_2119.jpg,Cairos,RL,V,489/306/102/515
db10 - Win - 1_frame_2120.jpg,Cairos,RL,V,489/306/102/515
db10 - Win - 1_frame_2121.jpg,Cairos,RL,V,489/306/102/515
db10 - Win - 1_frame_2122.jpg,Cairos,RL,V,489/306/102/515
db10 - Win - 1_frame_2123.jpg,Cairos,RL,V,489/306/102/515
db10 - Win - 1_frame_2124.jpg,Cairos,RL,V,489/306/102/515
db10 - Win - 1_frame_2125.jpg,Cairos,RL,V,489/306/102/515
db10 - Win - 1_frame_2126.jpg,Cairos,RL,V,489/306/102/515
db10 - Win - 1_frame_2127.jpg,Cairos,RL,V,489/306/102/515
db10 - Win - 1_frame_2128.jpg,Cairos,RL,V,489/306/102/515
db10 - Win - 1_frame_2129.jpg,Cairos,RL,V,489/306/102/515
db10 - Win - 1_frame_2130.jpg,Cairos,RL,V,489/306/102/515
db10 - Win - 1_frame_2131.jpg,Cairos,RL,V,489/306/102/515
db10 - Win - 1_frame_2132.jpg,Cairos,RL,V,489/306/102/515
db10 - Win - 1_frame_2133.jpg,Cairos,RL,V,489/306/102/515
db10 - Win - 1_frame_2134.jpg,Cairos,RL,V,489/306/102/515
db10 - Win - 1_frame_2135.jpg,Cairos,RL,V,489/306/102/515
db10 - Win - 1_frame_2136.jpg,Cairos,RL,V,489/306/102/515
db10 - Win - 1_frame_2137.jpg,Cairos,RL,V,489/306/102/515
db10 - Win - 1_frame_2138.jpg,Cairos,RL,V,489/306/102/515
db10 - Win - 1_frame_2139.jpg,Cairos,RL,V,489/306/102/515
db10 - Win - 1_frame_2140.jpg,Cairos,RL,V,489/306/102/515
db10 - Win - 1_frame_2141.jpg,Cairos,RL,V,489/306/102/515
db10 - Win - 1_frame_2142.jpg,Cairos,RL,V,489/306/102/515
db10 - Win - 1_frame_2143.jpg,Cairos,RL,V,489/306/102/515
db10 - Win - 1_frame_2144.jpg,Cairos,RL,V,489/306/102/515
db10 - Win - 1_frame_2145.jpg,Cairos,RL,V,489/306/102/515
db10 - Win - 1_frame_2146.jpg,Cairos,RL,V,489/306/102/515
db10 - Win - 1_frame_2147.jpg,Cairos,RL,V,489/306/102/515
db10 - Win - 1_frame_2148.jpg,Cairos,RL,V,489/306/102/515
db10 - Win - 1_frame_2149.jpg,Cairos,RL,V,489/306/102/515
db10 - Win - 1_frame_2150.jpg,Cairos,RL,V,489/306/102/515
db10 - Win - 1_frame_2151.jpg,Cairos,RL,V,489/306/102/515
db10 - Win - 1_frame_2152.jpg,Cairos,RL,V,489/306/102/515
db10 - Win - 1_frame_2153.jpg,Cairos,RL,V,489/306/102/515
db10 - Win - 1_frame_2154.jpg,Cairos,RL,V,489/306/102/515
db10 - Win - 1_frame_2155.jpg,Cairos,RL,V,489/306/102/515
db10 - Win - 1_frame_2156.jpg,Cairos,RL,V,489/306/102/515
db10 - Win - 1_frame_2157.jpg,Cairos,RL,V,489/306/102/515
db10 - Win - 1_frame_2158.jpg,Cairos,RL,V,489/306/102/515
db10 - Win - 1_frame_2159.jpg,Cairos,RL,V,489/306/102/515
db10 - Win - 1_frame_2160.jpg,Cairos,RL,V,489/306/102/515
db10 - Win - 1_frame_2161.jpg,Cairos,RL,V,489/306/102/515
db10 - Win - 1_frame_2162.jpg,Cairos,RL,V,489/306/102/515
